// Generated by prepare-character-assets.ts. Do not edit by hand.
#ifndef LV_ATTRIBUTE_MEM_ALIGN
#define LV_ATTRIBUTE_MEM_ALIGN
#endif

static const LV_ATTRIBUTE_MEM_ALIGN LV_ATTRIBUTE_LARGE_CONST uint8_t seeway_xiaozhi_idle_open_map[] = {
    0x00, 0x00, 0x00, 0x00, 0x00, 0x00, 0x00, 0x00, 0x00, 0x00, 0x00, 0x00, 0x00, 0x00, 0x00, 0x00,
    0x00, 0x00, 0x00, 0x00, 0x00, 0x00, 0x00, 0x00, 0x00, 0x00, 0x00, 0x00, 0x00, 0x00, 0x00, 0x00,
    0x00, 0x00, 0x00, 0x00, 0x00, 0x00, 0x00, 0x00, 0x00, 0x00, 0x00, 0x00, 0x00, 0x00, 0x00, 0x00,
    0x00, 0x00, 0x00, 0x00, 0x00, 0x00, 0x00, 0x00, 0x00, 0x00, 0x00, 0x00, 0x00, 0x00, 0x00, 0x00,
    0x00, 0x00, 0x00, 0x00, 0x00, 0x00, 0x00, 0x00, 0x00, 0x00, 0x00, 0x00, 0x00, 0x00, 0x00, 0x00,
    0x00, 0x00, 0x00, 0x00, 0x00, 0x00, 0x00, 0x00, 0x00, 0x00, 0x00, 0x00, 0x00, 0x00, 0x00, 0x00,
    0x00, 0x00, 0x00, 0x00, 0x00, 0x00, 0x00, 0x00, 0x00, 0x00, 0x00, 0x00, 0x00, 0x00, 0x00, 0x00,
    0x00, 0x00, 0x00, 0x00, 0x00, 0xff, 0xe0, 0x00, 0x00, 0x00, 0x00, 0x00, 0x00, 0x00, 0x00, 0x00,
    0x00, 0x00, 0x00, 0x00, 0x1f, 0xff, 0xff, 0x00, 0x00, 0x00, 0x00, 0x00, 0x00, 0x00, 0x00, 0x00,
    0x00, 0x00, 0x00, 0x00, 0xff, 0xff, 0xff, 0xe0, 0x00, 0x00, 0x00, 0x00, 0x00, 0x00, 0x00, 0x00,
    0x00, 0x00, 0x00, 0x07, 0xff, 0xff, 0xff, 0xf8, 0x00, 0x00, 0x00, 0x00, 0x00, 0x00, 0x00, 0x00,
    0x00, 0x00, 0x00, 0x1f, 0xff, 0xff, 0xff, 0xfe, 0x00, 0x00, 0x00, 0x00, 0x00, 0x00, 0x00, 0x00,
    0x00, 0x00, 0x00, 0x1f, 0xff, 0xff, 0xff, 0xfe, 0x00, 0x00, 0x00, 0x00, 0x00, 0x00, 0x00, 0x00,
    0x00, 0x00, 0x00, 0x3f, 0xff, 0xff, 0xff, 0xfe, 0x00, 0x00, 0x00, 0x00, 0x00, 0x00, 0x00, 0x00,
    0x00, 0x00, 0x00, 0x3f, 0xff, 0xff, 0xff, 0xff, 0x00, 0x00, 0x00, 0x00, 0x00, 0x00, 0x00, 0x00,
    0x00, 0x00, 0x00, 0x3f, 0xff, 0xff, 0xff, 0xff, 0x00, 0x00, 0x00, 0x00, 0x00, 0x00, 0x00, 0x00,
    0x00, 0x00, 0x00, 0x7f, 0xff, 0xff, 0xff, 0xff, 0x00, 0x00, 0x00, 0x00, 0x00, 0x00, 0x00, 0x00,
    0x00, 0x00, 0x00, 0x7f, 0xff, 0xff, 0xff, 0xff, 0x80, 0x00, 0x00, 0x00, 0x00, 0x00, 0x00, 0x00,
    0x00, 0x00, 0x00, 0x7f, 0xff, 0xff, 0xff, 0xff, 0x80, 0x00, 0x00, 0x00, 0x00, 0x00, 0x00, 0x00,
    0x00, 0x00, 0x00, 0xff, 0xff, 0xff, 0xff, 0xff, 0x80, 0x00, 0x00, 0x00, 0x00, 0x00, 0x00, 0x00,
    0x00, 0x00, 0x00, 0xff, 0xff, 0xff, 0xff, 0xff, 0x80, 0x00, 0x00, 0x00, 0x00, 0x00, 0x00, 0x00,
    0x00, 0x00, 0x00, 0xff, 0xff, 0xff, 0xff, 0xff, 0xc0, 0x00, 0x00, 0x00, 0x00, 0x00, 0x00, 0x00,
    0x00, 0x00, 0x00, 0x3f, 0xff, 0x87, 0xff, 0xff, 0x80, 0x00, 0x00, 0x00, 0x00, 0x00, 0x00, 0x00,
    0x00, 0x00, 0x00, 0x07, 0xff, 0x13, 0xff, 0xff, 0x00, 0x00, 0x00, 0x00, 0x00, 0x00, 0x00, 0x00,
    0x00, 0x00, 0x00, 0x0f, 0xfe, 0x13, 0xff, 0xfc, 0x00, 0x00, 0x00, 0x00, 0x00, 0x00, 0x00, 0x00,
    0x03, 0xf0, 0x00, 0x1f, 0xfe, 0x0f, 0xff, 0xfc, 0x00, 0x07, 0xe0, 0x00, 0x00, 0x00, 0x00, 0x00,
    0x06, 0x1e, 0x00, 0x1f, 0xfe, 0x3f, 0xff, 0xfe, 0x00, 0x3e, 0x30, 0x00, 0x00, 0x00, 0x00, 0x00,
    0x04, 0x03, 0x80, 0x3f, 0xfe, 0x6f, 0xff, 0xff, 0xc0, 0xf0, 0x10, 0x00, 0x00, 0x00, 0x00, 0x00,
    0x0c, 0xc0, 0xe0, 0x3f, 0xff, 0x6f, 0xff, 0xff, 0xf3, 0x81, 0x98, 0x00, 0x00, 0x00, 0x00, 0x00,
    0x09, 0xf0, 0x38, 0x3f, 0xff, 0xff, 0xff, 0xff, 0xfe, 0x07, 0xd8, 0x00, 0x00, 0x00, 0x00, 0x00,
    0x09, 0xf8, 0x0e, 0x7f, 0xff, 0xff, 0xff, 0xff, 0xf8, 0x0f, 0xc8, 0x00, 0x00, 0x00, 0x00, 0x00,
    0x19, 0xfc, 0x03, 0x7f, 0xe0, 0x00, 0x07, 0xff, 0xf0, 0x1f, 0xc8, 0x00, 0x00, 0x00, 0x00, 0x00,
    0x1b, 0xfe, 0x01, 0xfe, 0x03, 0xff, 0xc0, 0x7f, 0xc0, 0x3f, 0xec, 0x00, 0x00, 0x00, 0x00, 0x00,
    0x13, 0xff, 0x00, 0xf0, 0xff, 0xff, 0xff, 0x07, 0x80, 0x7f, 0xec, 0x00, 0x00, 0x00, 0x00, 0x00,
    0x13, 0xff, 0x80, 0x37, 0xff, 0xff, 0xff, 0xf6, 0x00, 0xff, 0xec, 0x00, 0x00, 0x00, 0x00, 0x00,
    0x13, 0xff, 0xc0, 0x1f, 0xff, 0xff, 0xff, 0xfc, 0x01, 0xff, 0xe4, 0x00, 0x00, 0x00, 0x00, 0x00,
    0x33, 0xff, 0xe0, 0x0f, 0xf1, 0xff, 0x1f, 0xf8, 0x03, 0xff, 0xe4, 0x00, 0x00, 0x00, 0x00, 0x00,
    0x33, 0xff, 0xe0, 0x07, 0xf1, 0xff, 0x1f, 0xf0, 0x07, 0xff, 0xe4, 0x00, 0x00, 0x00, 0x00, 0x00,
    0x33, 0xff, 0xf0, 0x19, 0xf1, 0xff, 0x1f, 0x18, 0x07, 0xff, 0xe4, 0x00, 0x00, 0x00, 0x00, 0x00,
    0x33, 0xf8, 0x38, 0x21, 0xf1, 0xfe, 0x1f, 0x04, 0x0e, 0x0f, 0xe4, 0x00, 0x00, 0x00, 0x00, 0x00,
    0x33, 0xfc, 0x18, 0x01, 0xf1, 0xfe, 0x1f, 0x00, 0x1c, 0x1f, 0xe4, 0x00, 0x00, 0x00, 0x00, 0x00,
    0x33, 0xfe, 0x0c, 0x01, 0xf1, 0xfe, 0x1e, 0x00, 0x10, 0x3f, 0xe4, 0x00, 0x00, 0x00, 0x00, 0x00,
    0x33, 0xff, 0x04, 0x00, 0xf1, 0xfe, 0x1e, 0x00, 0x20, 0x7f, 0xec, 0x00, 0x00, 0x00, 0x00, 0x00,
    0x33, 0xfc, 0x06, 0x00, 0xf1, 0xfe, 0x3e, 0x00, 0x20, 0x1f, 0xee, 0x00, 0x00, 0x00, 0x00, 0x00,
    0x33, 0xf0, 0x30, 0x00, 0xf0, 0xfe, 0x3c, 0x00, 0x1c, 0x0f, 0xef, 0x00, 0x00, 0x00, 0x00, 0x00,
    0x13, 0xf0, 0x18, 0x00, 0x70, 0xfc, 0x3c, 0x00, 0x18, 0x07, 0xcf, 0x00, 0x00, 0x00, 0x00, 0x00,
    0x13, 0xe0, 0x20, 0x00, 0x70, 0xfc, 0x38, 0x00, 0x04, 0x07, 0xcf, 0x80, 0x00, 0x00, 0x00, 0x00,
    0x13, 0xe6, 0x40, 0x01, 0xf8, 0xfc, 0x30, 0x07, 0x82, 0x63, 0xcf, 0xc0, 0x00, 0x00, 0x00, 0x00,
    0x19, 0xfc, 0x80, 0x00, 0x78, 0x7c, 0x30, 0x0e, 0x03, 0x3f, 0xdf, 0xc0, 0x00, 0x00, 0x00, 0x00,
    0x19, 0xf9, 0x00, 0x00, 0x18, 0x7c, 0x20, 0x18, 0x01, 0x9f, 0x9f, 0xe0, 0x00, 0x00, 0x00, 0x00,
    0x09, 0xfa, 0x00, 0x00, 0x00, 0x78, 0x00, 0x00, 0x00, 0x9f, 0x9b, 0xe0, 0x00, 0x00, 0x00, 0x00,
    0x08, 0xfe, 0x00, 0x00, 0x00, 0x78, 0x00, 0x00, 0x00, 0x5f, 0xbb, 0xf0, 0x00, 0x00, 0x00, 0x00,
    0x0c, 0xfc, 0x00, 0x00, 0x00, 0x38, 0x00, 0x00, 0x00, 0x3f, 0x3f, 0xf0, 0x00, 0x00, 0x00, 0x00,
    0x0c, 0xf8, 0x00, 0x00, 0x00, 0x30, 0x00, 0x00, 0x00, 0x3f, 0x3d, 0xf8, 0x00, 0x00, 0x00, 0x00,
    0x04, 0x70, 0x00, 0x1e, 0x00, 0x10, 0x00, 0x00, 0x7c, 0x1e, 0x7d, 0xf8, 0x00, 0x00, 0x00, 0x00,
    0x06, 0x70, 0x00, 0x7f, 0x90, 0x00, 0x00, 0x1b, 0xff, 0x0e, 0x7d, 0xfc, 0x00, 0x00, 0x00, 0x00,
    0x02, 0x30, 0x01, 0xff, 0xe8, 0x00, 0x00, 0x07, 0xff, 0x9c, 0xfe, 0xfc, 0x00, 0x00, 0x00, 0x00,
    0x03, 0xc0, 0x03, 0xcf, 0xf0, 0x00, 0x00, 0x0f, 0xf3, 0xc6, 0xbe, 0xfe, 0x00, 0x00, 0x00, 0x00,
    0x07, 0x00, 0x07, 0x9f, 0xf8, 0x00, 0x00, 0x1f, 0xf9, 0xe1, 0xfe, 0xfc, 0x00, 0x00, 0x00, 0x00,
    0x0c, 0x00, 0x07, 0x3f, 0x3c, 0x00, 0x00, 0x3d, 0xf8, 0xe0, 0x7f, 0x70, 0x00, 0x00, 0x00, 0x00,
    0x0e, 0x80, 0x0e, 0x3f, 0x1c, 0x00, 0x00, 0x38, 0xfc, 0x70, 0xff, 0x00, 0x00, 0x00, 0x00, 0x00,
    0x07, 0x00, 0x0e, 0x7f, 0x18, 0x00, 0x00, 0x78, 0xfe, 0x31, 0x9f, 0x00, 0x00, 0x00, 0x00, 0x00,
    0x02, 0x80, 0x1c, 0x7f, 0x1c, 0x00, 0x00, 0x39, 0xfe, 0x3d, 0x9f, 0x80, 0x00, 0x00, 0x00, 0x00,
    0x03, 0x00, 0x1c, 0x7f, 0xfc, 0x00, 0x00, 0x3f, 0xfe, 0x3b, 0x9f, 0x80, 0x00, 0x00, 0x00, 0x00,
    0x03, 0x00, 0x18, 0x7f, 0xfc, 0x00, 0x00, 0x3f, 0xfe, 0x33, 0x9f, 0xc0, 0x00, 0x00, 0x00, 0x00,
    0x02, 0x38, 0x08, 0x7f, 0xfc, 0x00, 0x00, 0x7f, 0xfe, 0x71, 0x0f, 0xc0, 0x00, 0x00, 0x00, 0x00,
    0x06, 0xfe, 0x08, 0x7f, 0xfc, 0x00, 0x00, 0x7f, 0xfe, 0xfd, 0x8f, 0xe0, 0x00, 0x00, 0x00, 0x00,
    0x05, 0xf8, 0x08, 0x7f, 0xec, 0x00, 0x00, 0x77, 0xfe, 0x7e, 0x8f, 0xf0, 0x00, 0x00, 0x00, 0x00,
    0x07, 0xe0, 0x04, 0x63, 0xec, 0x00, 0x00, 0x27, 0xc6, 0x3f, 0x87, 0xf0, 0x00, 0x00, 0x00, 0x00,
    0x0f, 0x80, 0x04, 0x61, 0xcc, 0x00, 0x00, 0x23, 0x86, 0x07, 0xc7, 0xe0, 0x00, 0x00, 0x00, 0x00,
    0x0e, 0x00, 0x00, 0x60, 0x08, 0x00, 0x00, 0x30, 0x04, 0x01, 0xc3, 0x80, 0x00, 0x00, 0x00, 0x00,
    0x0c, 0x00, 0x00, 0x30, 0x18, 0x07, 0xc0, 0x10, 0x08, 0x00, 0xc0, 0x00, 0x00, 0x00, 0x00, 0x00,
    0x38, 0x0c, 0x00, 0x1c, 0x30, 0x07, 0xc0, 0x0c, 0x38, 0xc0, 0x70, 0x00, 0x00, 0x00, 0x00, 0x00,
    0x60, 0xfc, 0x00, 0x07, 0x80, 0x03, 0x80, 0x03, 0xc0, 0xfe, 0x18, 0x00, 0x00, 0x00, 0x00, 0x00,
    0x3f, 0xf8, 0x00, 0x00, 0x00, 0x01, 0x00, 0x00, 0x00, 0x7f, 0xf0, 0x00, 0x00, 0x00, 0x00, 0x00,
    0x3f, 0xe0, 0x00, 0x00, 0x00, 0x01, 0x00, 0x00, 0x00, 0x1f, 0xf0, 0x00, 0x00, 0x00, 0x00, 0x00,
    0x0f, 0x80, 0x00, 0x00, 0x00, 0x43, 0x84, 0x00, 0x00, 0x07, 0xc0, 0x00, 0x00, 0x00, 0x00, 0x00,
    0x0c, 0x1f, 0x00, 0x00, 0x00, 0x3c, 0x78, 0x00, 0x03, 0xe0, 0xe0, 0x00, 0x00, 0x00, 0x00, 0x00,
    0x18, 0xc0, 0x00, 0x00, 0x00, 0x00, 0x00, 0x00, 0x00, 0x0e, 0x60, 0x00, 0x00, 0x00, 0x00, 0x00,
    0x0e, 0x00, 0x00, 0x00, 0x00, 0x00, 0x00, 0x00, 0x00, 0x01, 0xc0, 0x00, 0x00, 0x00, 0x00, 0x00,
    0x0e, 0x06, 0x00, 0x00, 0x00, 0x00, 0x00, 0x00, 0x01, 0x81, 0xc0, 0x00, 0x00, 0x00, 0x00, 0x00,
    0x12, 0x10, 0x00, 0x00, 0x00, 0x00, 0x00, 0x00, 0x00, 0x21, 0x20, 0x00, 0x00, 0x00, 0x00, 0x00,
    0x03, 0x60, 0x80, 0x00, 0x00, 0x00, 0x00, 0x00, 0x00, 0x0b, 0x00, 0x00, 0x00, 0x00, 0x00, 0x00,
    0x01, 0x81, 0x00, 0x00, 0x00, 0x00, 0x00, 0x00, 0x02, 0x06, 0x00, 0x00, 0x00, 0x00, 0x00, 0x00,
    0x03, 0xc6, 0x00, 0x00, 0x00, 0x00, 0x00, 0x00, 0x01, 0x0f, 0x00, 0x00, 0x00, 0x00, 0x00, 0x00,
    0x04, 0x38, 0x00, 0x00, 0x00, 0x00, 0x00, 0x00, 0x00, 0xf0, 0x80, 0x00, 0x00, 0x00, 0x00, 0x00,
    0x08, 0x18, 0x00, 0x00, 0x00, 0x00, 0x00, 0x00, 0x00, 0xe0, 0x00, 0x00, 0x00, 0x00, 0x00, 0x00,
    0x00, 0x26, 0x00, 0x00, 0x00, 0x00, 0x00, 0x00, 0x03, 0xa0, 0x00, 0x00, 0x00, 0x00, 0x00, 0x00,
    0x00, 0x01, 0xd0, 0x00, 0x00, 0x00, 0x00, 0x01, 0x8e, 0x10, 0x00, 0x00, 0x00, 0x00, 0x00, 0x00,
    0x00, 0x00, 0x70, 0x00, 0x00, 0x00, 0x00, 0x09, 0x78, 0x08, 0x00, 0x00, 0x00, 0x00, 0x00, 0x00,
    0x00, 0x00, 0x1f, 0xf0, 0x00, 0x00, 0x02, 0x03, 0xc0, 0x00, 0x00, 0x00, 0x00, 0x00, 0x00, 0x00,
    0x00, 0x00, 0x01, 0xf8, 0x20, 0x00, 0x10, 0x7e, 0x00, 0x00, 0x00, 0x00, 0x00, 0x00, 0x00, 0x00,
    0x00, 0x00, 0x00, 0x1f, 0xfc, 0x20, 0xff, 0xe0, 0x00, 0x00, 0x00, 0x00, 0x00, 0x00, 0x00, 0x00,
    0x00, 0x00, 0x00, 0x00, 0x3f, 0xff, 0xf0, 0x00, 0x00, 0x00, 0x00, 0x00, 0x00, 0x00, 0x00, 0x00,
    0x00, 0x00, 0x00, 0x00, 0x00, 0x00, 0x00, 0x00, 0x00, 0x00, 0x00, 0x00, 0x00, 0x00, 0x00, 0x00,
    0x00, 0x00, 0x00, 0x00, 0x00, 0x00, 0x00, 0x00, 0x00, 0x00, 0x00, 0x00, 0x00, 0x00, 0x00, 0x00,
};
static const lv_image_dsc_t seeway_xiaozhi_idle_open = {
    .header = {
        .magic = LV_IMAGE_HEADER_MAGIC,
        .cf = LV_COLOR_FORMAT_A1,
        .flags = 0,
        .w = 96,
        .h = 96,
        .stride = 16,
        .reserved_2 = 0,
    },
    .data_size = sizeof(seeway_xiaozhi_idle_open_map),
    .data = seeway_xiaozhi_idle_open_map,
    .reserved = nullptr,
};

static const LV_ATTRIBUTE_MEM_ALIGN LV_ATTRIBUTE_LARGE_CONST uint8_t seeway_xiaozhi_idle_blink_map[] = {
    0x00, 0x00, 0x00, 0x00, 0x00, 0x00, 0x00, 0x00, 0x00, 0x00, 0x00, 0x00, 0x00, 0x00, 0x00, 0x00,
    0x00, 0x00, 0x00, 0x00, 0x00, 0x00, 0x00, 0x00, 0x00, 0x00, 0x00, 0x00, 0x00, 0x00, 0x00, 0x00,
    0x00, 0x00, 0x00, 0x00, 0x00, 0x00, 0x00, 0x00, 0x00, 0x00, 0x00, 0x00, 0x00, 0x00, 0x00, 0x00,
    0x00, 0x00, 0x00, 0x00, 0x00, 0x00, 0x00, 0x00, 0x00, 0x00, 0x00, 0x00, 0x00, 0x00, 0x00, 0x00,
    0x00, 0x00, 0x00, 0x00, 0x00, 0x00, 0x00, 0x00, 0x00, 0x00, 0x00, 0x00, 0x00, 0x00, 0x00, 0x00,
    0x00, 0x00, 0x00, 0x00, 0x00, 0x00, 0x00, 0x00, 0x00, 0x00, 0x00, 0x00, 0x00, 0x00, 0x00, 0x00,
    0x00, 0x00, 0x00, 0x00, 0x00, 0x00, 0x00, 0x00, 0x00, 0x00, 0x00, 0x00, 0x00, 0x00, 0x00, 0x00,
    0x00, 0x00, 0x00, 0x00, 0x00, 0xff, 0xe0, 0x00, 0x00, 0x00, 0x00, 0x00, 0x00, 0x00, 0x00, 0x00,
    0x00, 0x00, 0x00, 0x00, 0x1f, 0xff, 0xff, 0x00, 0x00, 0x00, 0x00, 0x00, 0x00, 0x00, 0x00, 0x00,
    0x00, 0x00, 0x00, 0x00, 0xff, 0xff, 0xff, 0xe0, 0x00, 0x00, 0x00, 0x00, 0x00, 0x00, 0x00, 0x00,
    0x00, 0x00, 0x00, 0x07, 0xff, 0xff, 0xff, 0xf8, 0x00, 0x00, 0x00, 0x00, 0x00, 0x00, 0x00, 0x00,
    0x00, 0x00, 0x00, 0x1f, 0xff, 0xff, 0xff, 0xfe, 0x00, 0x00, 0x00, 0x00, 0x00, 0x00, 0x00, 0x00,
    0x00, 0x00, 0x00, 0x1f, 0xff, 0xff, 0xff, 0xfe, 0x00, 0x00, 0x00, 0x00, 0x00, 0x00, 0x00, 0x00,
    0x00, 0x00, 0x00, 0x3f, 0xff, 0xff, 0xff, 0xfe, 0x00, 0x00, 0x00, 0x00, 0x00, 0x00, 0x00, 0x00,
    0x00, 0x00, 0x00, 0x3f, 0xff, 0xff, 0xff, 0xff, 0x00, 0x00, 0x00, 0x00, 0x00, 0x00, 0x00, 0x00,
    0x00, 0x00, 0x00, 0x3f, 0xff, 0xff, 0xff, 0xff, 0x00, 0x00, 0x00, 0x00, 0x00, 0x00, 0x00, 0x00,
    0x00, 0x00, 0x00, 0x7f, 0xff, 0xff, 0xff, 0xff, 0x00, 0x00, 0x00, 0x00, 0x00, 0x00, 0x00, 0x00,
    0x00, 0x00, 0x00, 0x7f, 0xff, 0xff, 0xff, 0xff, 0x80, 0x00, 0x00, 0x00, 0x00, 0x00, 0x00, 0x00,
    0x00, 0x00, 0x00, 0x7f, 0xff, 0xff, 0xff, 0xff, 0x80, 0x00, 0x00, 0x00, 0x00, 0x00, 0x00, 0x00,
    0x00, 0x00, 0x00, 0xff, 0xff, 0xff, 0xff, 0xff, 0x80, 0x00, 0x00, 0x00, 0x00, 0x00, 0x00, 0x00,
    0x00, 0x00, 0x00, 0xff, 0xff, 0xff, 0xff, 0xff, 0x80, 0x00, 0x00, 0x00, 0x00, 0x00, 0x00, 0x00,
    0x00, 0x00, 0x00, 0xff, 0xff, 0xff, 0xff, 0xff, 0xc0, 0x00, 0x00, 0x00, 0x00, 0x00, 0x00, 0x00,
    0x00, 0x00, 0x00, 0x3f, 0xff, 0x87, 0xff, 0xff, 0x80, 0x00, 0x00, 0x00, 0x00, 0x00, 0x00, 0x00,
    0x00, 0x00, 0x00, 0x07, 0xff, 0x13, 0xff, 0xff, 0x00, 0x00, 0x00, 0x00, 0x00, 0x00, 0x00, 0x00,
    0x00, 0x00, 0x00, 0x0f, 0xfe, 0x13, 0xff, 0xfc, 0x00, 0x00, 0x00, 0x00, 0x00, 0x00, 0x00, 0x00,
    0x03, 0xf0, 0x00, 0x1f, 0xfe, 0x0f, 0xff, 0xfc, 0x00, 0x07, 0xe0, 0x00, 0x00, 0x00, 0x00, 0x00,
    0x06, 0x1e, 0x00, 0x1f, 0xfe, 0x3f, 0xff, 0xfe, 0x00, 0x3e, 0x30, 0x00, 0x00, 0x00, 0x00, 0x00,
    0x04, 0x03, 0x80, 0x3f, 0xfe, 0x6f, 0xff, 0xff, 0xc0, 0xf0, 0x10, 0x00, 0x00, 0x00, 0x00, 0x00,
    0x0c, 0xc0, 0xe0, 0x3f, 0xff, 0x6f, 0xff, 0xff, 0xf3, 0x81, 0x98, 0x00, 0x00, 0x00, 0x00, 0x00,
    0x09, 0xf0, 0x38, 0x3f, 0xff, 0xff, 0xff, 0xff, 0xfe, 0x07, 0xd8, 0x00, 0x00, 0x00, 0x00, 0x00,
    0x09, 0xf8, 0x0e, 0x7f, 0xff, 0xff, 0xff, 0xff, 0xf8, 0x0f, 0xc8, 0x00, 0x00, 0x00, 0x00, 0x00,
    0x19, 0xfc, 0x03, 0x7f, 0xe0, 0x00, 0x07, 0xff, 0xf0, 0x1f, 0xc8, 0x00, 0x00, 0x00, 0x00, 0x00,
    0x1b, 0xfe, 0x01, 0xfe, 0x03, 0xff, 0xc0, 0x7f, 0xc0, 0x3f, 0xec, 0x00, 0x00, 0x00, 0x00, 0x00,
    0x13, 0xff, 0x00, 0xf0, 0xff, 0xff, 0xff, 0x07, 0x80, 0x7f, 0xec, 0x00, 0x00, 0x00, 0x00, 0x00,
    0x13, 0xff, 0x80, 0x37, 0xff, 0xff, 0xff, 0xf6, 0x00, 0xff, 0xec, 0x00, 0x00, 0x00, 0x00, 0x00,
    0x13, 0xff, 0xc0, 0x1f, 0xff, 0xff, 0xff, 0xfc, 0x01, 0xff, 0xe4, 0x00, 0x00, 0x00, 0x00, 0x00,
    0x33, 0xff, 0xe0, 0x0f, 0xf1, 0xff, 0x1f, 0xf8, 0x03, 0xff, 0xe4, 0x00, 0x00, 0x00, 0x00, 0x00,
    0x33, 0xff, 0xe0, 0x07, 0xf1, 0xff, 0x1f, 0xf0, 0x07, 0xff, 0xe4, 0x00, 0x00, 0x00, 0x00, 0x00,
    0x33, 0xff, 0xf0, 0x19, 0xf1, 0xff, 0x1f, 0x18, 0x07, 0xff, 0xe4, 0x00, 0x00, 0x00, 0x00, 0x00,
    0x33, 0xf8, 0x38, 0x21, 0xf1, 0xfe, 0x1f, 0x04, 0x0e, 0x0f, 0xe4, 0x00, 0x00, 0x00, 0x00, 0x00,
    0x33, 0xfc, 0x18, 0x01, 0xf1, 0xfe, 0x1f, 0x00, 0x1c, 0x1f, 0xe4, 0x00, 0x00, 0x00, 0x00, 0x00,
    0x33, 0xfe, 0x0c, 0x01, 0xf1, 0xfe, 0x1e, 0x00, 0x10, 0x3f, 0xe4, 0x00, 0x00, 0x00, 0x00, 0x00,
    0x33, 0xff, 0x04, 0x00, 0xf1, 0xfe, 0x1e, 0x00, 0x20, 0x7f, 0xec, 0x00, 0x00, 0x00, 0x00, 0x00,
    0x33, 0xfc, 0x06, 0x00, 0xf1, 0xfe, 0x3e, 0x00, 0x20, 0x1f, 0xee, 0x00, 0x00, 0x00, 0x00, 0x00,
    0x33, 0xf0, 0x30, 0x00, 0xf0, 0xfe, 0x3c, 0x00, 0x1c, 0x0f, 0xef, 0x00, 0x00, 0x00, 0x00, 0x00,
    0x13, 0xf0, 0x18, 0x00, 0x70, 0xfc, 0x3c, 0x00, 0x18, 0x07, 0xcf, 0x00, 0x00, 0x00, 0x00, 0x00,
    0x13, 0xe0, 0x20, 0x00, 0x70, 0xfc, 0x38, 0x00, 0x04, 0x07, 0xcf, 0x80, 0x00, 0x00, 0x00, 0x00,
    0x13, 0xe6, 0x40, 0x00, 0x38, 0xfc, 0x30, 0x00, 0x02, 0x63, 0xcf, 0xc0, 0x00, 0x00, 0x00, 0x00,
    0x19, 0xfc, 0x80, 0x00, 0x18, 0x7c, 0x30, 0x00, 0x03, 0x3f, 0xdf, 0xc0, 0x00, 0x00, 0x00, 0x00,
    0x19, 0xf9, 0x00, 0x00, 0x08, 0x7c, 0x20, 0x00, 0x01, 0x9f, 0x9f, 0xe0, 0x00, 0x00, 0x00, 0x00,
    0x09, 0xfa, 0x00, 0x00, 0x00, 0x78, 0x00, 0x00, 0x00, 0x9f, 0x9b, 0xe0, 0x00, 0x00, 0x00, 0x00,
    0x08, 0xfe, 0x00, 0x00, 0x00, 0x78, 0x00, 0x00, 0x00, 0x5f, 0xbb, 0xf0, 0x00, 0x00, 0x00, 0x00,
    0x0c, 0xfc, 0x00, 0x00, 0x00, 0x38, 0x00, 0x00, 0x00, 0x3f, 0x3f, 0xf0, 0x00, 0x00, 0x00, 0x00,
    0x0c, 0xf8, 0x00, 0x07, 0xf8, 0x30, 0x00, 0x1f, 0xe0, 0x3f, 0x3d, 0xf8, 0x00, 0x00, 0x00, 0x00,
    0x04, 0x70, 0x00, 0x00, 0x00, 0x10, 0x00, 0x00, 0x00, 0x1e, 0x7d, 0xf8, 0x00, 0x00, 0x00, 0x00,
    0x06, 0x70, 0x00, 0x00, 0x00, 0x00, 0x00, 0x00, 0x00, 0x0e, 0x7d, 0xfc, 0x00, 0x00, 0x00, 0x00,
    0x02, 0x30, 0x00, 0x00, 0x00, 0x00, 0x00, 0x00, 0x00, 0x1c, 0xfe, 0xfc, 0x00, 0x00, 0x00, 0x00,
    0x03, 0xc0, 0x00, 0x00, 0x00, 0x00, 0x00, 0x00, 0x00, 0x06, 0xbe, 0xfe, 0x00, 0x00, 0x00, 0x00,
    0x07, 0x00, 0x00, 0x00, 0x00, 0x00, 0x00, 0x00, 0x00, 0x01, 0xfe, 0xfc, 0x00, 0x00, 0x00, 0x00,
    0x0c, 0x00, 0x00, 0x00, 0x00, 0x00, 0x00, 0x00, 0x00, 0x00, 0x7f, 0x70, 0x00, 0x00, 0x00, 0x00,
    0x0e, 0x80, 0x00, 0x00, 0x00, 0x00, 0x00, 0x00, 0x00, 0x00, 0xff, 0x00, 0x00, 0x00, 0x00, 0x00,
    0x07, 0x00, 0x1f, 0xff, 0xfe, 0x00, 0x00, 0x7f, 0xff, 0xf9, 0x9f, 0x00, 0x00, 0x00, 0x00, 0x00,
    0x02, 0x80, 0x1f, 0xff, 0xfe, 0x00, 0x00, 0x7f, 0xff, 0xfd, 0x9f, 0x80, 0x00, 0x00, 0x00, 0x00,
    0x03, 0x00, 0x00, 0xff, 0xf8, 0x00, 0x00, 0x0f, 0xff, 0x03, 0x9f, 0x80, 0x00, 0x00, 0x00, 0x00,
    0x03, 0x00, 0x00, 0xff, 0xf8, 0x00, 0x00, 0x0f, 0xff, 0x03, 0x9f, 0xc0, 0x00, 0x00, 0x00, 0x00,
    0x02, 0x38, 0x00, 0x7f, 0xf8, 0x00, 0x00, 0x0f, 0xff, 0x71, 0x0f, 0xc0, 0x00, 0x00, 0x00, 0x00,
    0x06, 0xfe, 0x00, 0x43, 0xf0, 0x00, 0x00, 0x08, 0x7e, 0xfd, 0x8f, 0xe0, 0x00, 0x00, 0x00, 0x00,
    0x05, 0xf8, 0x00, 0x41, 0xf0, 0x00, 0x00, 0x08, 0x7e, 0x7e, 0x8f, 0xf0, 0x00, 0x00, 0x00, 0x00,
    0x07, 0xe0, 0x00, 0x20, 0xe0, 0x00, 0x00, 0x04, 0x1c, 0x1f, 0x87, 0xf0, 0x00, 0x00, 0x00, 0x00,
    0x0f, 0x80, 0x00, 0x30, 0x60, 0x00, 0x00, 0x06, 0x0c, 0x07, 0xc7, 0xe0, 0x00, 0x00, 0x00, 0x00,
    0x0e, 0x00, 0x00, 0x0f, 0xc0, 0x00, 0x00, 0x01, 0xf8, 0x01, 0xc3, 0x80, 0x00, 0x00, 0x00, 0x00,
    0x0c, 0x00, 0x00, 0x00, 0x00, 0x07, 0xc0, 0x00, 0x00, 0x00, 0xc0, 0x00, 0x00, 0x00, 0x00, 0x00,
    0x38, 0x0c, 0x00, 0x00, 0x00, 0x03, 0x80, 0x00, 0x00, 0xc0, 0x70, 0x00, 0x00, 0x00, 0x00, 0x00,
    0x60, 0xfc, 0x00, 0x00, 0x00, 0x01, 0x00, 0x00, 0x00, 0xfe, 0x18, 0x00, 0x00, 0x00, 0x00, 0x00,
    0x3f, 0xf8, 0x00, 0x00, 0x00, 0x00, 0x00, 0x00, 0x00, 0x7f, 0xf0, 0x00, 0x00, 0x00, 0x00, 0x00,
    0x3f, 0xe0, 0x00, 0x00, 0x00, 0x00, 0x00, 0x01, 0xb6, 0x1f, 0xf0, 0x00, 0x00, 0x00, 0x00, 0x00,
    0x0f, 0x80, 0x00, 0x00, 0x00, 0x00, 0x00, 0x00, 0xb4, 0x07, 0xc0, 0x00, 0x00, 0x00, 0x00, 0x00,
    0x0c, 0x1f, 0x00, 0x00, 0x00, 0x07, 0xc0, 0x00, 0x03, 0xe0, 0xe0, 0x00, 0x00, 0x00, 0x00, 0x00,
    0x18, 0xc0, 0x00, 0x00, 0x00, 0x00, 0x00, 0x00, 0x00, 0x0e, 0x60, 0x00, 0x00, 0x00, 0x00, 0x00,
    0x0e, 0x00, 0x00, 0x00, 0x00, 0x00, 0x00, 0x00, 0x00, 0x01, 0xc0, 0x00, 0x00, 0x00, 0x00, 0x00,
    0x0e, 0x06, 0x00, 0x00, 0x00, 0x00, 0x00, 0x00, 0x01, 0x81, 0xc0, 0x00, 0x00, 0x00, 0x00, 0x00,
    0x12, 0x10, 0x00, 0x00, 0x00, 0x00, 0x00, 0x00, 0x00, 0x21, 0x20, 0x00, 0x00, 0x00, 0x00, 0x00,
    0x03, 0x60, 0x80, 0x00, 0x00, 0x00, 0x00, 0x00, 0x00, 0x0b, 0x00, 0x00, 0x00, 0x00, 0x00, 0x00,
    0x01, 0x81, 0x00, 0x00, 0x00, 0x00, 0x00, 0x00, 0x02, 0x06, 0x00, 0x00, 0x00, 0x00, 0x00, 0x00,
    0x03, 0xc6, 0x00, 0x00, 0x00, 0x00, 0x00, 0x00, 0x01, 0x0f, 0x00, 0x00, 0x00, 0x00, 0x00, 0x00,
    0x04, 0x38, 0x00, 0x00, 0x00, 0x00, 0x00, 0x00, 0x00, 0xf0, 0x80, 0x00, 0x00, 0x00, 0x00, 0x00,
    0x08, 0x18, 0x00, 0x00, 0x00, 0x00, 0x00, 0x00, 0x00, 0xe0, 0x00, 0x00, 0x00, 0x00, 0x00, 0x00,
    0x00, 0x26, 0x00, 0x00, 0x00, 0x00, 0x00, 0x00, 0x03, 0xa0, 0x00, 0x00, 0x00, 0x00, 0x00, 0x00,
    0x00, 0x01, 0xd0, 0x00, 0x00, 0x00, 0x00, 0x01, 0x8e, 0x10, 0x00, 0x00, 0x00, 0x00, 0x00, 0x00,
    0x00, 0x00, 0x70, 0x00, 0x00, 0x00, 0x00, 0x09, 0x78, 0x08, 0x00, 0x00, 0x00, 0x00, 0x00, 0x00,
    0x00, 0x00, 0x1f, 0xf0, 0x00, 0x00, 0x02, 0x03, 0xc0, 0x00, 0x00, 0x00, 0x00, 0x00, 0x00, 0x00,
    0x00, 0x00, 0x01, 0xf8, 0x20, 0x00, 0x10, 0x7e, 0x00, 0x00, 0x00, 0x00, 0x00, 0x00, 0x00, 0x00,
    0x00, 0x00, 0x00, 0x1f, 0xfc, 0x20, 0xff, 0xe0, 0x00, 0x00, 0x00, 0x00, 0x00, 0x00, 0x00, 0x00,
    0x00, 0x00, 0x00, 0x00, 0x3f, 0xff, 0xf0, 0x00, 0x00, 0x00, 0x00, 0x00, 0x00, 0x00, 0x00, 0x00,
    0x00, 0x00, 0x00, 0x00, 0x00, 0x00, 0x00, 0x00, 0x00, 0x00, 0x00, 0x00, 0x00, 0x00, 0x00, 0x00,
    0x00, 0x00, 0x00, 0x00, 0x00, 0x00, 0x00, 0x00, 0x00, 0x00, 0x00, 0x00, 0x00, 0x00, 0x00, 0x00,
};
static const lv_image_dsc_t seeway_xiaozhi_idle_blink = {
    .header = {
        .magic = LV_IMAGE_HEADER_MAGIC,
        .cf = LV_COLOR_FORMAT_A1,
        .flags = 0,
        .w = 96,
        .h = 96,
        .stride = 16,
        .reserved_2 = 0,
    },
    .data_size = sizeof(seeway_xiaozhi_idle_blink_map),
    .data = seeway_xiaozhi_idle_blink_map,
    .reserved = nullptr,
};

static const LV_ATTRIBUTE_MEM_ALIGN LV_ATTRIBUTE_LARGE_CONST uint8_t seeway_xiaozhi_listening_map[] = {
    0x00, 0x00, 0x00, 0x00, 0x00, 0x00, 0x00, 0x00, 0x00, 0x00, 0x00, 0x00, 0x00, 0x00, 0x00, 0x00,
    0x00, 0x00, 0x00, 0x00, 0x00, 0x00, 0x00, 0x00, 0x00, 0x00, 0x00, 0x00, 0x00, 0x00, 0x00, 0x00,
    0x00, 0x00, 0x00, 0x00, 0x00, 0x00, 0x00, 0x00, 0x00, 0x00, 0x00, 0x00, 0x00, 0x00, 0x00, 0x00,
    0x00, 0x00, 0x00, 0x00, 0x00, 0x00, 0x00, 0x00, 0x00, 0x00, 0x00, 0x00, 0x00, 0x00, 0x00, 0x00,
    0x00, 0x00, 0x00, 0x00, 0x00, 0x00, 0x00, 0x00, 0x00, 0x00, 0x00, 0x00, 0x00, 0x00, 0x00, 0x00,
    0x00, 0x00, 0x00, 0x00, 0x00, 0x00, 0x00, 0x00, 0x00, 0x00, 0x00, 0x00, 0x00, 0x00, 0x00, 0x00,
    0x00, 0x00, 0x00, 0x00, 0x00, 0x00, 0x00, 0x00, 0x00, 0x00, 0x00, 0x00, 0x00, 0x00, 0x00, 0x00,
    0x00, 0x00, 0x00, 0x00, 0x00, 0xff, 0xe0, 0x00, 0x00, 0x00, 0x00, 0x00, 0x00, 0x00, 0x00, 0x00,
    0x00, 0x00, 0x00, 0x00, 0x1f, 0xff, 0xff, 0x00, 0x00, 0x00, 0x00, 0x00, 0x00, 0x00, 0x00, 0x00,
    0x00, 0x00, 0x00, 0x00, 0xff, 0xff, 0xff, 0xe0, 0x00, 0x00, 0x00, 0x00, 0x00, 0x00, 0x00, 0x00,
    0x00, 0x00, 0x00, 0x07, 0xff, 0xff, 0xff, 0xf8, 0x00, 0x00, 0x00, 0x00, 0x00, 0x00, 0x00, 0x00,
    0x00, 0x00, 0x00, 0x1f, 0xff, 0xff, 0xff, 0xfe, 0x00, 0x00, 0x00, 0x00, 0x00, 0x00, 0x00, 0x00,
    0x00, 0x00, 0x00, 0x1f, 0xff, 0xff, 0xff, 0xfe, 0x00, 0x00, 0x00, 0x00, 0x00, 0x00, 0x00, 0x00,
    0x00, 0x00, 0x00, 0x3f, 0xff, 0xff, 0xff, 0xfe, 0x00, 0x00, 0x00, 0x00, 0x00, 0x00, 0x00, 0x00,
    0x00, 0x00, 0x00, 0x3f, 0xff, 0xff, 0xff, 0xff, 0x00, 0x00, 0x00, 0x00, 0x00, 0x00, 0x00, 0x00,
    0x00, 0x00, 0x00, 0x3f, 0xff, 0xff, 0xff, 0xff, 0x00, 0x00, 0x00, 0x00, 0x00, 0x00, 0x00, 0x00,
    0x00, 0x00, 0x00, 0x7f, 0xff, 0xff, 0xff, 0xff, 0x00, 0x00, 0x00, 0x00, 0x00, 0x00, 0x00, 0x00,
    0x00, 0x00, 0x00, 0x7f, 0xff, 0xff, 0xff, 0xff, 0x80, 0x00, 0x00, 0x00, 0x00, 0x00, 0x00, 0x00,
    0x00, 0x00, 0x00, 0x7f, 0xff, 0xff, 0xff, 0xff, 0x80, 0x00, 0x00, 0x00, 0x00, 0x00, 0x00, 0x00,
    0x00, 0x00, 0x00, 0xff, 0xff, 0xff, 0xff, 0xff, 0x80, 0x00, 0x00, 0x00, 0x00, 0x00, 0x00, 0x00,
    0x00, 0x00, 0x00, 0xff, 0xff, 0xff, 0xff, 0xff, 0x80, 0x00, 0x00, 0x00, 0x00, 0x00, 0x00, 0x00,
    0x00, 0x00, 0x00, 0xff, 0xff, 0xff, 0xff, 0xff, 0xc0, 0x00, 0x00, 0x00, 0x00, 0x00, 0x00, 0x00,
    0x00, 0x00, 0x00, 0x3f, 0xff, 0x87, 0xff, 0xff, 0x80, 0x00, 0x00, 0x00, 0x00, 0x00, 0x00, 0x00,
    0x00, 0x00, 0x00, 0x07, 0xff, 0x13, 0xff, 0xff, 0x00, 0x00, 0x00, 0x00, 0x00, 0x00, 0x00, 0x00,
    0x00, 0x00, 0x00, 0x0f, 0xfe, 0x13, 0xff, 0xfc, 0x00, 0x00, 0x00, 0x00, 0x00, 0x00, 0x00, 0x00,
    0x03, 0xf0, 0x00, 0x1f, 0xfe, 0x0f, 0xff, 0xfc, 0x00, 0x07, 0xe0, 0x00, 0x00, 0x00, 0x00, 0x00,
    0x06, 0x1e, 0x00, 0x1f, 0xfe, 0x3f, 0xff, 0xfe, 0x00, 0x3e, 0x30, 0x00, 0x00, 0x00, 0x00, 0x00,
    0x04, 0x03, 0x80, 0x3f, 0xfe, 0x6f, 0xff, 0xff, 0xc0, 0xf0, 0x10, 0x00, 0x00, 0x00, 0x00, 0x00,
    0x0c, 0xc0, 0xe0, 0x3f, 0xff, 0x6f, 0xff, 0xff, 0xf3, 0x81, 0x98, 0x00, 0x00, 0x00, 0x00, 0x00,
    0x09, 0xf0, 0x38, 0x3f, 0xff, 0xff, 0xff, 0xff, 0xfe, 0x07, 0xd8, 0x00, 0x00, 0x00, 0x00, 0x00,
    0x09, 0xf8, 0x0e, 0x7f, 0xff, 0xff, 0xff, 0xff, 0xf8, 0x0f, 0xc8, 0x00, 0x00, 0x00, 0x00, 0x00,
    0x19, 0xfc, 0x03, 0x7f, 0xe0, 0x00, 0x07, 0xff, 0xf0, 0x1f, 0xc8, 0x00, 0x00, 0x00, 0x00, 0x00,
    0x1b, 0xfe, 0x01, 0xfe, 0x03, 0xff, 0xc0, 0x7f, 0xc0, 0x3f, 0xec, 0x00, 0x00, 0x00, 0x00, 0x00,
    0x13, 0xff, 0x00, 0xf0, 0xff, 0xff, 0xff, 0x07, 0x80, 0x7f, 0xec, 0x00, 0x00, 0x00, 0x00, 0x00,
    0x13, 0xff, 0x80, 0x37, 0xff, 0xff, 0xff, 0xf6, 0x00, 0xff, 0xec, 0x00, 0x00, 0x00, 0x00, 0x00,
    0x13, 0xff, 0xc0, 0x1f, 0xff, 0xff, 0xff, 0xfc, 0x01, 0xff, 0xe4, 0x00, 0x00, 0x00, 0x00, 0x00,
    0x33, 0xff, 0xe0, 0x0f, 0xf1, 0xff, 0x1f, 0xf8, 0x03, 0xff, 0xe4, 0x00, 0x00, 0x00, 0x00, 0x00,
    0x33, 0xff, 0xe0, 0x07, 0xf1, 0xff, 0x1f, 0xf0, 0x07, 0xff, 0xe4, 0x00, 0x00, 0x00, 0x00, 0x00,
    0x33, 0xff, 0xf0, 0x19, 0xf1, 0xff, 0x1f, 0x18, 0x07, 0xff, 0xe4, 0x00, 0x00, 0x00, 0x00, 0x00,
    0x33, 0xf8, 0x38, 0x21, 0xf1, 0xfe, 0x1f, 0x04, 0x0e, 0x0f, 0xe4, 0x00, 0x00, 0x00, 0x00, 0x00,
    0x33, 0xfc, 0x18, 0x01, 0xf1, 0xfe, 0x1f, 0x00, 0x1c, 0x1f, 0xe4, 0x00, 0x00, 0x00, 0x00, 0x00,
    0x33, 0xfe, 0x0c, 0x01, 0xf1, 0xfe, 0x1e, 0x00, 0x10, 0x3f, 0xe4, 0x00, 0x00, 0x00, 0x00, 0x00,
    0x33, 0xff, 0x04, 0x00, 0xf1, 0xfe, 0x1e, 0x00, 0x20, 0x7f, 0xec, 0x00, 0x00, 0x00, 0x00, 0x00,
    0x33, 0xfc, 0x06, 0x00, 0xf1, 0xfe, 0x3e, 0x00, 0x20, 0x1f, 0xee, 0x00, 0x00, 0x00, 0x00, 0x00,
    0x33, 0xf0, 0x30, 0x00, 0xf0, 0xfe, 0x3c, 0x00, 0x1c, 0x2f, 0xef, 0x00, 0x00, 0x00, 0x00, 0x00,
    0x13, 0xf0, 0x18, 0x00, 0x70, 0xfc, 0x3c, 0x00, 0x18, 0x67, 0xcf, 0x00, 0x00, 0x00, 0x00, 0x00,
    0x13, 0xe0, 0x20, 0x00, 0x70, 0xfc, 0x38, 0x00, 0x04, 0x4f, 0xcf, 0x80, 0x00, 0x00, 0x00, 0x00,
    0x13, 0xe6, 0x40, 0x38, 0x38, 0xfc, 0x30, 0x0e, 0x02, 0x7b, 0xcf, 0xc0, 0x00, 0x00, 0x00, 0x00,
    0x19, 0xfc, 0x80, 0x6e, 0x18, 0x7c, 0x30, 0x3f, 0x03, 0x3f, 0xdf, 0xc0, 0x00, 0x00, 0x00, 0x00,
    0x19, 0xf9, 0x00, 0x00, 0x08, 0x7c, 0x20, 0x00, 0x01, 0x9f, 0x9f, 0xe0, 0x00, 0x00, 0x00, 0x00,
    0x09, 0xfa, 0x00, 0x00, 0x00, 0x78, 0x00, 0x00, 0x00, 0x9f, 0x9b, 0xe0, 0x00, 0x00, 0x00, 0x00,
    0x08, 0xfe, 0x00, 0x00, 0x00, 0x78, 0x00, 0x00, 0x00, 0x5f, 0xbb, 0xf0, 0x00, 0x00, 0x00, 0x00,
    0x0c, 0xfc, 0x00, 0x00, 0x00, 0x38, 0x00, 0x00, 0x00, 0x3f, 0x3f, 0xf0, 0x00, 0x00, 0x00, 0x00,
    0x0c, 0xf8, 0x00, 0x78, 0x00, 0x30, 0x00, 0x0f, 0x00, 0x3f, 0x3d, 0xf8, 0x00, 0x00, 0x00, 0x00,
    0x04, 0x70, 0x01, 0xfe, 0x00, 0x10, 0x00, 0x3f, 0xc0, 0x1e, 0x7d, 0xf8, 0x00, 0x00, 0x00, 0x00,
    0x06, 0x70, 0x03, 0x03, 0x00, 0x00, 0x00, 0x60, 0x60, 0x0e, 0x7d, 0xfc, 0x00, 0x00, 0x00, 0x00,
    0x02, 0x30, 0x0c, 0x00, 0x80, 0x00, 0x00, 0x80, 0x18, 0x1c, 0xfe, 0xfc, 0x00, 0x00, 0x00, 0x00,
    0x03, 0xc0, 0x0c, 0x00, 0x40, 0x00, 0x01, 0x00, 0x18, 0x06, 0xbe, 0xfe, 0x00, 0x00, 0x00, 0x00,
    0x07, 0x00, 0x18, 0x00, 0x40, 0x00, 0x01, 0x00, 0x0c, 0x01, 0xfe, 0xfc, 0x00, 0x00, 0x00, 0x00,
    0x0c, 0x00, 0x18, 0x00, 0x20, 0x00, 0x02, 0x00, 0x0c, 0x00, 0x7f, 0x70, 0x00, 0x00, 0x00, 0x00,
    0x0e, 0x80, 0x10, 0x00, 0x20, 0x00, 0x02, 0x00, 0x04, 0x00, 0xff, 0x00, 0x00, 0x00, 0x00, 0x00,
    0x07, 0x00, 0x10, 0x18, 0x20, 0x00, 0x02, 0x0c, 0x04, 0x01, 0x9f, 0x00, 0x00, 0x00, 0x00, 0x00,
    0x02, 0x80, 0x10, 0x3c, 0x20, 0x00, 0x02, 0x1e, 0x04, 0x05, 0x9f, 0x80, 0x00, 0x00, 0x00, 0x00,
    0x03, 0x00, 0x10, 0x38, 0x20, 0x00, 0x02, 0x0e, 0x04, 0x03, 0x9f, 0x80, 0x00, 0x00, 0x00, 0x00,
    0x03, 0x00, 0x10, 0x00, 0x20, 0x00, 0x02, 0x00, 0x04, 0x03, 0x9f, 0xc0, 0x00, 0x00, 0x00, 0x00,
    0x02, 0x38, 0x08, 0x00, 0x20, 0x00, 0x02, 0x00, 0x08, 0x71, 0x0f, 0xc0, 0x00, 0x00, 0x00, 0x00,
    0x06, 0xfe, 0x08, 0x00, 0x40, 0x00, 0x01, 0x00, 0x08, 0xfd, 0x8f, 0xe0, 0x00, 0x00, 0x00, 0x00,
    0x05, 0xf8, 0x04, 0x00, 0x00, 0x00, 0x00, 0x00, 0x10, 0x7e, 0x8f, 0xf0, 0x00, 0x00, 0x00, 0x00,
    0x07, 0xe0, 0x02, 0x01, 0x00, 0x00, 0x00, 0x00, 0x20, 0x1f, 0x87, 0xf0, 0x00, 0x00, 0x00, 0x00,
    0x0f, 0x80, 0x01, 0x02, 0x00, 0x3e, 0x00, 0x20, 0x40, 0x07, 0xc7, 0xe0, 0x00, 0x00, 0x00, 0x00,
    0x0e, 0x00, 0x00, 0x30, 0x00, 0x1c, 0x00, 0x06, 0x00, 0x01, 0xc3, 0x80, 0x00, 0x00, 0x00, 0x00,
    0x0c, 0x00, 0x00, 0x00, 0x00, 0x08, 0x00, 0x00, 0x00, 0x00, 0xc0, 0x00, 0x00, 0x00, 0x00, 0x00,
    0x38, 0x0c, 0x00, 0x00, 0x00, 0x08, 0x00, 0x00, 0x00, 0xc0, 0x70, 0x00, 0x00, 0x00, 0x00, 0x00,
    0x60, 0xfc, 0x00, 0x00, 0x00, 0x1c, 0x00, 0x00, 0x00, 0xfe, 0x18, 0x00, 0x00, 0x00, 0x00, 0x00,
    0x3f, 0xf8, 0x00, 0x00, 0x00, 0x1c, 0x00, 0x00, 0x00, 0x7f, 0xf0, 0x00, 0x00, 0x00, 0x00, 0x00,
    0x3f, 0xe0, 0x00, 0x00, 0x00, 0x00, 0x00, 0x00, 0x00, 0x1f, 0xf0, 0x00, 0x00, 0x00, 0x00, 0x00,
    0x0f, 0x80, 0x00, 0x00, 0x00, 0x00, 0x00, 0x00, 0x00, 0x07, 0xc0, 0x00, 0x00, 0x00, 0x00, 0x00,
    0x0c, 0x1f, 0x00, 0x00, 0x00, 0x14, 0x00, 0x00, 0x03, 0xe0, 0xe0, 0x00, 0x00, 0x00, 0x00, 0x00,
    0x18, 0xc0, 0x00, 0x00, 0x00, 0x00, 0x00, 0x00, 0x00, 0x0e, 0x60, 0x00, 0x00, 0x00, 0x00, 0x00,
    0x0e, 0x00, 0x00, 0x00, 0x00, 0x00, 0x00, 0x00, 0x00, 0x01, 0xc0, 0x00, 0x00, 0x00, 0x00, 0x00,
    0x0e, 0x06, 0x00, 0x00, 0x00, 0x00, 0x00, 0x00, 0x01, 0x81, 0xc0, 0x00, 0x00, 0x00, 0x00, 0x00,
    0x12, 0x10, 0x00, 0x00, 0x00, 0x00, 0x00, 0x00, 0x00, 0x21, 0x20, 0x00, 0x00, 0x00, 0x00, 0x00,
    0x03, 0x60, 0x80, 0x00, 0x00, 0x00, 0x00, 0x00, 0x00, 0x0b, 0x00, 0x00, 0x00, 0x00, 0x00, 0x00,
    0x01, 0x81, 0x00, 0x00, 0x00, 0x00, 0x00, 0x00, 0x02, 0x06, 0x00, 0x00, 0x00, 0x00, 0x00, 0x00,
    0x03, 0xc6, 0x00, 0x00, 0x00, 0x00, 0x00, 0x00, 0x01, 0x0f, 0x00, 0x00, 0x00, 0x00, 0x00, 0x00,
    0x04, 0x38, 0x00, 0x00, 0x00, 0x00, 0x00, 0x00, 0x00, 0xf0, 0x80, 0x00, 0x00, 0x00, 0x00, 0x00,
    0x08, 0x18, 0x00, 0x00, 0x00, 0x00, 0x00, 0x00, 0x00, 0xe0, 0x00, 0x00, 0x00, 0x00, 0x00, 0x00,
    0x00, 0x26, 0x00, 0x00, 0x00, 0x00, 0x00, 0x00, 0x03, 0xa0, 0x00, 0x00, 0x00, 0x00, 0x00, 0x00,
    0x00, 0x01, 0xd0, 0x00, 0x00, 0x00, 0x00, 0x01, 0x8e, 0x10, 0x00, 0x00, 0x00, 0x00, 0x00, 0x00,
    0x00, 0x00, 0x70, 0x00, 0x00, 0x00, 0x00, 0x09, 0x78, 0x08, 0x00, 0x00, 0x00, 0x00, 0x00, 0x00,
    0x00, 0x00, 0x1f, 0xf0, 0x00, 0x00, 0x02, 0x03, 0xc0, 0x00, 0x00, 0x00, 0x00, 0x00, 0x00, 0x00,
    0x00, 0x00, 0x01, 0xf8, 0x20, 0x00, 0x10, 0x7e, 0x00, 0x00, 0x00, 0x00, 0x00, 0x00, 0x00, 0x00,
    0x00, 0x00, 0x00, 0x1f, 0xfc, 0x20, 0xff, 0xe0, 0x00, 0x00, 0x00, 0x00, 0x00, 0x00, 0x00, 0x00,
    0x00, 0x00, 0x00, 0x00, 0x3f, 0xff, 0xf0, 0x00, 0x00, 0x00, 0x00, 0x00, 0x00, 0x00, 0x00, 0x00,
    0x00, 0x00, 0x00, 0x00, 0x00, 0x00, 0x00, 0x00, 0x00, 0x00, 0x00, 0x00, 0x00, 0x00, 0x00, 0x00,
    0x00, 0x00, 0x00, 0x00, 0x00, 0x00, 0x00, 0x00, 0x00, 0x00, 0x00, 0x00, 0x00, 0x00, 0x00, 0x00,
};
static const lv_image_dsc_t seeway_xiaozhi_listening = {
    .header = {
        .magic = LV_IMAGE_HEADER_MAGIC,
        .cf = LV_COLOR_FORMAT_A1,
        .flags = 0,
        .w = 96,
        .h = 96,
        .stride = 16,
        .reserved_2 = 0,
    },
    .data_size = sizeof(seeway_xiaozhi_listening_map),
    .data = seeway_xiaozhi_listening_map,
    .reserved = nullptr,
};

static const LV_ATTRIBUTE_MEM_ALIGN LV_ATTRIBUTE_LARGE_CONST uint8_t seeway_xiaozhi_thinking_a_map[] = {
    0x00, 0x00, 0x00, 0x00, 0x00, 0x00, 0x00, 0x00, 0x00, 0x00, 0x00, 0x00, 0x00, 0x00, 0x00, 0x00,
    0x00, 0x00, 0x00, 0x00, 0x00, 0x00, 0x00, 0x00, 0x00, 0x00, 0x00, 0x00, 0x00, 0x00, 0x00, 0x00,
    0x00, 0x00, 0x00, 0x00, 0x00, 0x00, 0x00, 0x00, 0x00, 0x00, 0x00, 0x00, 0x00, 0x00, 0x00, 0x00,
    0x00, 0x00, 0x00, 0x00, 0x00, 0x00, 0x00, 0x00, 0x00, 0x00, 0x00, 0x00, 0x00, 0x00, 0x00, 0x00,
    0x00, 0x00, 0x00, 0x00, 0x00, 0x00, 0x00, 0x00, 0x00, 0x00, 0x00, 0x00, 0x00, 0x00, 0x00, 0x00,
    0x00, 0x00, 0x00, 0x00, 0x00, 0x00, 0x00, 0x00, 0x00, 0x00, 0x00, 0x00, 0x00, 0x00, 0x00, 0x00,
    0x00, 0x00, 0x00, 0x00, 0x00, 0x00, 0x00, 0x00, 0x00, 0x00, 0x00, 0x00, 0x00, 0x00, 0x00, 0x00,
    0x00, 0x00, 0x00, 0x00, 0x00, 0xff, 0xe0, 0x00, 0x00, 0x00, 0x00, 0x00, 0x00, 0x00, 0x00, 0x00,
    0x00, 0x00, 0x00, 0x00, 0x1f, 0xff, 0xff, 0x00, 0x00, 0x00, 0x00, 0x00, 0x00, 0x00, 0x00, 0x00,
    0x00, 0x00, 0x00, 0x00, 0xff, 0xff, 0xff, 0xe0, 0x00, 0x00, 0x00, 0x00, 0x00, 0x00, 0x00, 0x00,
    0x00, 0x00, 0x00, 0x07, 0xff, 0xff, 0xff, 0xf8, 0x00, 0x00, 0x00, 0x00, 0x00, 0x00, 0x00, 0x00,
    0x00, 0x00, 0x00, 0x1f, 0xff, 0xff, 0xff, 0xfe, 0x00, 0x00, 0x00, 0x00, 0x00, 0x00, 0x00, 0x00,
    0x00, 0x00, 0x00, 0x1f, 0xff, 0xff, 0xff, 0xfe, 0x00, 0x00, 0x00, 0x00, 0x00, 0x00, 0x00, 0x00,
    0x00, 0x00, 0x00, 0x3f, 0xff, 0xff, 0xff, 0xfe, 0x00, 0x00, 0x00, 0x00, 0x00, 0x00, 0x00, 0x00,
    0x00, 0x00, 0x00, 0x3f, 0xff, 0xff, 0xff, 0xff, 0x00, 0x00, 0x00, 0x00, 0x00, 0x00, 0x00, 0x00,
    0x00, 0x00, 0x00, 0x3f, 0xff, 0xff, 0xff, 0xff, 0x00, 0x00, 0x00, 0x00, 0x00, 0x00, 0x00, 0x00,
    0x00, 0x00, 0x00, 0x7f, 0xff, 0xff, 0xff, 0xff, 0x00, 0x00, 0x00, 0x00, 0x00, 0x00, 0x00, 0x00,
    0x00, 0x00, 0x00, 0x7f, 0xff, 0xff, 0xff, 0xff, 0x80, 0x00, 0x00, 0x00, 0x00, 0x00, 0x00, 0x00,
    0x00, 0x00, 0x00, 0x7f, 0xff, 0xff, 0xff, 0xff, 0x80, 0x00, 0x00, 0x00, 0x00, 0x00, 0x00, 0x00,
    0x00, 0x00, 0x00, 0xff, 0xff, 0xff, 0xff, 0xff, 0x80, 0x00, 0x00, 0x00, 0x00, 0x00, 0x00, 0x00,
    0x00, 0x00, 0x00, 0xff, 0xff, 0xff, 0xff, 0xff, 0x80, 0x00, 0x00, 0x00, 0x00, 0x00, 0x00, 0x00,
    0x00, 0x00, 0x00, 0xff, 0xff, 0xff, 0xff, 0xff, 0xc0, 0x00, 0x00, 0x00, 0x00, 0x00, 0x00, 0x00,
    0x00, 0x00, 0x00, 0x3f, 0xff, 0x87, 0xff, 0xff, 0x80, 0x00, 0x00, 0x00, 0x00, 0x00, 0x00, 0x00,
    0x00, 0x00, 0x00, 0x07, 0xff, 0x13, 0xff, 0xff, 0x00, 0x00, 0x00, 0x00, 0x00, 0x00, 0x00, 0x00,
    0x00, 0x00, 0x00, 0x0f, 0xfe, 0x13, 0xff, 0xfc, 0x00, 0x00, 0x00, 0x00, 0x00, 0x00, 0x00, 0x00,
    0x03, 0xf0, 0x00, 0x1f, 0xfe, 0x0f, 0xff, 0xfc, 0x00, 0x07, 0xe0, 0x00, 0x00, 0x00, 0x00, 0x00,
    0x06, 0x1e, 0x00, 0x1f, 0xfe, 0x3f, 0xff, 0xfe, 0x00, 0x3e, 0x30, 0x00, 0x00, 0x00, 0x00, 0x00,
    0x04, 0x03, 0x80, 0x3f, 0xfe, 0x6f, 0xff, 0xff, 0xc0, 0xf0, 0x10, 0x00, 0x00, 0x00, 0x00, 0x00,
    0x0c, 0xc0, 0xe0, 0x3f, 0xff, 0x6f, 0xff, 0xff, 0xf3, 0x81, 0x98, 0x00, 0x00, 0x00, 0x00, 0x00,
    0x09, 0xf0, 0x38, 0x3f, 0xff, 0xff, 0xff, 0xff, 0xfe, 0x07, 0xd8, 0x00, 0x00, 0x00, 0x00, 0x00,
    0x09, 0xf8, 0x0e, 0x7f, 0xff, 0xff, 0xff, 0xff, 0xf8, 0x0f, 0xc8, 0x00, 0x00, 0x00, 0x00, 0x00,
    0x19, 0xfc, 0x03, 0x7f, 0xe0, 0x00, 0x07, 0xff, 0xf0, 0x1f, 0xc8, 0x00, 0x00, 0x00, 0x00, 0x00,
    0x1b, 0xfe, 0x01, 0xfe, 0x03, 0xff, 0xc0, 0x7f, 0xc0, 0x3f, 0xec, 0x00, 0x00, 0x00, 0x00, 0x00,
    0x13, 0xff, 0x00, 0xf0, 0xff, 0xff, 0xff, 0x07, 0x80, 0x7f, 0xec, 0x00, 0x00, 0x00, 0x00, 0x00,
    0x13, 0xff, 0x80, 0x37, 0xff, 0xff, 0xff, 0xf6, 0x00, 0xff, 0xec, 0x00, 0x00, 0x00, 0x00, 0x00,
    0x13, 0xff, 0xc0, 0x1f, 0xff, 0xff, 0xff, 0xfc, 0x01, 0xff, 0xe4, 0x00, 0x00, 0x00, 0x00, 0x00,
    0x33, 0xff, 0xe0, 0x0f, 0xf1, 0xff, 0x1f, 0xf8, 0x03, 0xff, 0xe4, 0x00, 0x00, 0x00, 0x00, 0x00,
    0x33, 0xff, 0xe0, 0x07, 0xf1, 0xff, 0x1f, 0xf0, 0x07, 0xff, 0xe4, 0x00, 0x00, 0x00, 0x00, 0x00,
    0x33, 0xff, 0xf0, 0x19, 0xf1, 0xff, 0x1f, 0x18, 0x07, 0xff, 0xe4, 0x00, 0x00, 0x00, 0x00, 0x00,
    0x33, 0xf8, 0x38, 0x21, 0xf1, 0xfe, 0x1f, 0x04, 0x0e, 0x0f, 0xe4, 0x00, 0x00, 0x00, 0x00, 0x00,
    0x33, 0xfc, 0x18, 0x01, 0xf1, 0xfe, 0x1f, 0x00, 0x1c, 0x1f, 0xe4, 0x00, 0x00, 0x00, 0x00, 0x00,
    0x33, 0xfe, 0x0c, 0x01, 0xf1, 0xfe, 0x1e, 0x00, 0x10, 0x3f, 0xe4, 0x00, 0x00, 0x00, 0x00, 0x00,
    0x33, 0xff, 0x04, 0x00, 0xf1, 0xfe, 0x1e, 0x00, 0x20, 0x7f, 0xec, 0x00, 0x00, 0x00, 0x00, 0x00,
    0x33, 0xfc, 0x06, 0x00, 0xf1, 0xfe, 0x3e, 0x00, 0x20, 0x1f, 0xee, 0x00, 0x00, 0x00, 0x00, 0x00,
    0x33, 0xf0, 0x30, 0x00, 0xf0, 0xfe, 0x3c, 0x00, 0x1c, 0x0f, 0xef, 0x00, 0x00, 0x00, 0x00, 0x00,
    0x13, 0xf0, 0x18, 0x00, 0x70, 0xfc, 0x3c, 0x00, 0x18, 0x07, 0xcf, 0x00, 0x00, 0x00, 0x00, 0x00,
    0x13, 0xe0, 0x20, 0x00, 0x70, 0xfc, 0x38, 0x00, 0x04, 0x07, 0xcf, 0x80, 0x00, 0x00, 0x00, 0x00,
    0x13, 0xe6, 0x40, 0x00, 0x38, 0xfc, 0x30, 0x00, 0x02, 0x63, 0xcf, 0xc0, 0x00, 0x00, 0x00, 0x00,
    0x19, 0xfc, 0x80, 0x00, 0x18, 0x7c, 0x30, 0x00, 0x03, 0x3f, 0xdf, 0xc0, 0x00, 0x00, 0x00, 0x00,
    0x19, 0xf9, 0x00, 0x00, 0x08, 0x7c, 0x20, 0x00, 0x01, 0x9f, 0x9f, 0xe0, 0x00, 0x00, 0x00, 0x00,
    0x09, 0xfa, 0x00, 0x00, 0x00, 0x78, 0x00, 0x00, 0x00, 0x9f, 0x9b, 0xe0, 0x00, 0x00, 0x00, 0x00,
    0x08, 0xfe, 0x00, 0x00, 0x00, 0x78, 0x00, 0x00, 0x00, 0x5f, 0xbb, 0xf0, 0x00, 0x00, 0x00, 0x00,
    0x0c, 0xfc, 0x00, 0x00, 0x00, 0x38, 0x00, 0x00, 0x00, 0x3f, 0x3f, 0xf0, 0x00, 0x00, 0x00, 0x00,
    0x0c, 0xf8, 0x00, 0x07, 0xf8, 0x30, 0x00, 0x1f, 0xe0, 0x3f, 0x3d, 0xf8, 0x00, 0x00, 0x00, 0x00,
    0x04, 0x70, 0x00, 0x00, 0x00, 0x10, 0x00, 0x00, 0x00, 0x1e, 0x7d, 0xf8, 0x00, 0x00, 0x00, 0x00,
    0x06, 0x70, 0x00, 0x00, 0x00, 0x00, 0x00, 0x00, 0x00, 0x0e, 0x7d, 0xfc, 0x00, 0x00, 0x00, 0x00,
    0x02, 0x30, 0x00, 0x00, 0x00, 0x00, 0x00, 0x00, 0x00, 0x1c, 0xfe, 0xfc, 0x00, 0x00, 0x00, 0x00,
    0x03, 0xc0, 0x00, 0x00, 0x00, 0x00, 0x00, 0x00, 0x00, 0x06, 0xbe, 0xfe, 0x00, 0x00, 0x00, 0x00,
    0x07, 0x00, 0x00, 0x00, 0x00, 0x00, 0x00, 0x00, 0x00, 0x01, 0xfe, 0xfc, 0x00, 0x00, 0x00, 0x00,
    0x0c, 0x00, 0x00, 0x00, 0x00, 0x00, 0x00, 0x00, 0x00, 0x00, 0x7f, 0x70, 0x00, 0x00, 0x00, 0x00,
    0x0e, 0x80, 0x00, 0x00, 0x00, 0x00, 0x00, 0x00, 0x00, 0x00, 0xff, 0x00, 0x00, 0x00, 0x00, 0x00,
    0x07, 0x00, 0x1f, 0xff, 0xfe, 0x00, 0x00, 0x7f, 0xff, 0xf9, 0x9f, 0x00, 0x00, 0x00, 0x00, 0x00,
    0x02, 0x80, 0x1f, 0xff, 0xfe, 0x00, 0x00, 0x7f, 0xff, 0xfd, 0x9f, 0x80, 0x00, 0x00, 0x00, 0x00,
    0x03, 0x00, 0x00, 0xff, 0xf8, 0x00, 0x00, 0x0f, 0xff, 0x03, 0x9f, 0x80, 0x00, 0x00, 0x00, 0x00,
    0x03, 0x00, 0x00, 0xff, 0xf8, 0x00, 0x00, 0x0f, 0xff, 0x03, 0x9f, 0xc0, 0x00, 0x00, 0x00, 0x00,
    0x02, 0x38, 0x00, 0x7f, 0xf8, 0x00, 0x00, 0x0f, 0xff, 0x71, 0x0f, 0xc0, 0x00, 0x00, 0x00, 0x00,
    0x06, 0xfe, 0x00, 0x43, 0xf0, 0x00, 0x00, 0x08, 0x7e, 0xfd, 0x8f, 0xe0, 0x00, 0x00, 0x00, 0x00,
    0x05, 0xf8, 0x00, 0x41, 0xf0, 0x00, 0x00, 0x08, 0x7e, 0x7e, 0x8f, 0xf0, 0x00, 0x00, 0x00, 0x00,
    0x07, 0xe0, 0x00, 0x20, 0xe0, 0x00, 0x00, 0x04, 0x1c, 0x1f, 0x87, 0xf0, 0x00, 0x00, 0x00, 0x00,
    0x0f, 0x80, 0x00, 0x30, 0x60, 0x00, 0x00, 0x06, 0x0c, 0x07, 0xc7, 0xe0, 0x00, 0x00, 0x00, 0x00,
    0x0e, 0x00, 0x00, 0x0f, 0xc0, 0x00, 0x00, 0x01, 0xf8, 0x01, 0xc3, 0x80, 0x00, 0x00, 0x00, 0x00,
    0x0c, 0x00, 0x00, 0x00, 0x00, 0x07, 0xc0, 0x00, 0x00, 0x00, 0xc0, 0x00, 0x00, 0x00, 0x00, 0x00,
    0x38, 0x0c, 0x00, 0x00, 0x00, 0x03, 0x80, 0x00, 0x00, 0xc0, 0x70, 0x00, 0x00, 0x00, 0x00, 0x00,
    0x60, 0xfc, 0x00, 0x00, 0x00, 0x01, 0x00, 0x00, 0x00, 0xfe, 0x18, 0x00, 0x00, 0x00, 0x00, 0x00,
    0x3f, 0xf8, 0x00, 0x00, 0x00, 0x00, 0x00, 0x00, 0x00, 0x7f, 0xf0, 0x00, 0x00, 0x00, 0x00, 0x00,
    0x3f, 0xe0, 0x00, 0x00, 0x00, 0x00, 0x00, 0x01, 0xb6, 0x1f, 0xf0, 0x00, 0x00, 0x00, 0x00, 0x00,
    0x0f, 0x80, 0x00, 0x00, 0x00, 0x00, 0x00, 0x00, 0xb4, 0x07, 0xc0, 0x00, 0x00, 0x00, 0x00, 0x00,
    0x0c, 0x1f, 0x00, 0x00, 0x00, 0x07, 0xc0, 0x00, 0x03, 0xe0, 0xe0, 0x00, 0x00, 0x00, 0x00, 0x00,
    0x18, 0xc0, 0x00, 0x00, 0x00, 0x00, 0x00, 0x00, 0x00, 0x0e, 0x60, 0x00, 0x00, 0x00, 0x00, 0x00,
    0x0e, 0x00, 0x00, 0x00, 0x00, 0x00, 0x00, 0x00, 0x00, 0x01, 0xc0, 0x00, 0x00, 0x00, 0x00, 0x00,
    0x0e, 0x06, 0x00, 0x00, 0x00, 0x00, 0x00, 0x00, 0x01, 0x81, 0xc0, 0x00, 0x00, 0x00, 0x00, 0x00,
    0x12, 0x10, 0x00, 0x00, 0x00, 0x00, 0x00, 0x00, 0x00, 0x21, 0x20, 0x00, 0x00, 0x00, 0x00, 0x00,
    0x03, 0x60, 0x80, 0x00, 0x00, 0x00, 0x00, 0x00, 0x00, 0x0b, 0x00, 0x00, 0x00, 0x00, 0x00, 0x00,
    0x01, 0x81, 0x00, 0x00, 0x00, 0x00, 0x00, 0x00, 0x02, 0x06, 0x00, 0x00, 0x00, 0x00, 0x00, 0x00,
    0x03, 0xc6, 0x00, 0x00, 0x00, 0x00, 0x00, 0x00, 0x01, 0x0f, 0x00, 0x00, 0x00, 0x00, 0x00, 0x00,
    0x04, 0x38, 0x00, 0x00, 0x00, 0x00, 0x00, 0x00, 0x00, 0xf0, 0x80, 0x00, 0x00, 0x00, 0x00, 0x00,
    0x08, 0x18, 0x00, 0x00, 0x00, 0x00, 0x00, 0x00, 0x00, 0xe0, 0x00, 0x00, 0x00, 0x00, 0x00, 0x00,
    0x00, 0x26, 0x00, 0x00, 0x00, 0x00, 0x00, 0x00, 0x03, 0xa0, 0x00, 0x00, 0x00, 0x00, 0x00, 0x00,
    0x00, 0x01, 0xd0, 0x00, 0x00, 0x00, 0x00, 0x01, 0x8e, 0x10, 0x00, 0x00, 0x00, 0x00, 0x00, 0x00,
    0x00, 0x00, 0x70, 0x00, 0x00, 0x00, 0x00, 0x09, 0x78, 0x08, 0x00, 0x00, 0x00, 0x00, 0x00, 0x00,
    0x00, 0x00, 0x1f, 0xf0, 0x00, 0x00, 0x02, 0x03, 0xc0, 0x00, 0x00, 0x00, 0x00, 0x00, 0x00, 0x00,
    0x00, 0x00, 0x01, 0xf8, 0x20, 0x00, 0x10, 0x7e, 0x00, 0x00, 0x00, 0x00, 0x00, 0x00, 0x00, 0x00,
    0x00, 0x00, 0x00, 0x1f, 0xfc, 0x20, 0xff, 0xe0, 0x00, 0x00, 0x00, 0x00, 0x00, 0x00, 0x00, 0x00,
    0x00, 0x00, 0x00, 0x00, 0x3f, 0xff, 0xf0, 0x00, 0x00, 0x00, 0x00, 0x00, 0x00, 0x00, 0x00, 0x00,
    0x00, 0x00, 0x00, 0x00, 0x00, 0x00, 0x00, 0x00, 0x00, 0x00, 0x00, 0x00, 0x00, 0x00, 0x00, 0x00,
    0x00, 0x00, 0x00, 0x00, 0x00, 0x00, 0x00, 0x00, 0x00, 0x00, 0x00, 0x00, 0x00, 0x00, 0x00, 0x00,
};
static const lv_image_dsc_t seeway_xiaozhi_thinking_a = {
    .header = {
        .magic = LV_IMAGE_HEADER_MAGIC,
        .cf = LV_COLOR_FORMAT_A1,
        .flags = 0,
        .w = 96,
        .h = 96,
        .stride = 16,
        .reserved_2 = 0,
    },
    .data_size = sizeof(seeway_xiaozhi_thinking_a_map),
    .data = seeway_xiaozhi_thinking_a_map,
    .reserved = nullptr,
};

static const LV_ATTRIBUTE_MEM_ALIGN LV_ATTRIBUTE_LARGE_CONST uint8_t seeway_xiaozhi_thinking_b_map[] = {
    0x00, 0x00, 0x00, 0x00, 0x00, 0x00, 0x00, 0x00, 0x00, 0x00, 0x00, 0x00, 0x00, 0x00, 0x00, 0x00,
    0x00, 0x00, 0x00, 0x00, 0x00, 0x00, 0x00, 0x00, 0x00, 0x00, 0x00, 0x00, 0x00, 0x00, 0x00, 0x00,
    0x00, 0x00, 0x00, 0x00, 0x00, 0x00, 0x00, 0x00, 0x00, 0x00, 0x00, 0x00, 0x00, 0x00, 0x00, 0x00,
    0x00, 0x00, 0x00, 0x00, 0x00, 0x00, 0x00, 0x00, 0x00, 0x00, 0x00, 0x00, 0x00, 0x00, 0x00, 0x00,
    0x00, 0x00, 0x00, 0x00, 0x00, 0x00, 0x00, 0x00, 0x00, 0x00, 0x00, 0x00, 0x00, 0x00, 0x00, 0x00,
    0x00, 0x00, 0x00, 0x00, 0x00, 0x00, 0x00, 0x00, 0x00, 0x00, 0x00, 0x00, 0x00, 0x00, 0x00, 0x00,
    0x00, 0x00, 0x00, 0x00, 0x00, 0x00, 0x00, 0x00, 0x00, 0x00, 0x00, 0x00, 0x00, 0x00, 0x00, 0x00,
    0x00, 0x00, 0x00, 0x00, 0x00, 0xff, 0xe0, 0x00, 0x00, 0x00, 0x00, 0x00, 0x00, 0x00, 0x00, 0x00,
    0x00, 0x00, 0x00, 0x00, 0x1f, 0xff, 0xff, 0x00, 0x00, 0x00, 0x00, 0x00, 0x00, 0x00, 0x00, 0x00,
    0x00, 0x00, 0x00, 0x00, 0xff, 0xff, 0xff, 0xe0, 0x00, 0x00, 0x00, 0x00, 0x00, 0x00, 0x00, 0x00,
    0x00, 0x00, 0x00, 0x07, 0xff, 0xff, 0xff, 0xf8, 0x00, 0x00, 0x00, 0x00, 0x00, 0x00, 0x00, 0x00,
    0x00, 0x00, 0x00, 0x1f, 0xff, 0xff, 0xff, 0xfe, 0x00, 0x00, 0x00, 0x00, 0x00, 0x00, 0x00, 0x00,
    0x00, 0x00, 0x00, 0x1f, 0xff, 0xff, 0xff, 0xfe, 0x00, 0x00, 0x00, 0x00, 0x00, 0x00, 0x00, 0x00,
    0x00, 0x00, 0x00, 0x3f, 0xff, 0xff, 0xff, 0xfe, 0x00, 0x00, 0x00, 0x00, 0x00, 0x00, 0x00, 0x00,
    0x00, 0x00, 0x00, 0x3f, 0xff, 0xff, 0xff, 0xff, 0x00, 0x00, 0x00, 0x00, 0x00, 0x00, 0x00, 0x00,
    0x00, 0x00, 0x00, 0x3f, 0xff, 0xff, 0xff, 0xff, 0x00, 0x00, 0x00, 0x00, 0x00, 0x00, 0x00, 0x00,
    0x00, 0x00, 0x00, 0x7f, 0xff, 0xff, 0xff, 0xff, 0x00, 0x00, 0x00, 0x00, 0x00, 0x00, 0x00, 0x00,
    0x00, 0x00, 0x00, 0x7f, 0xff, 0xff, 0xff, 0xff, 0x80, 0x00, 0x00, 0x00, 0x00, 0x00, 0x00, 0x00,
    0x00, 0x00, 0x00, 0x7f, 0xff, 0xff, 0xff, 0xff, 0x80, 0x00, 0x00, 0x00, 0x00, 0x00, 0x00, 0x00,
    0x00, 0x00, 0x00, 0xff, 0xff, 0xff, 0xff, 0xff, 0x80, 0x00, 0x00, 0x00, 0x00, 0x00, 0x00, 0x00,
    0x00, 0x00, 0x00, 0xff, 0xff, 0xff, 0xff, 0xff, 0x80, 0x00, 0x00, 0x00, 0x00, 0x00, 0x00, 0x00,
    0x00, 0x00, 0x00, 0xff, 0xff, 0xff, 0xff, 0xff, 0xc0, 0x00, 0x00, 0x00, 0x00, 0x00, 0x00, 0x00,
    0x00, 0x00, 0x00, 0x3f, 0xff, 0x87, 0xff, 0xff, 0x80, 0x00, 0x00, 0x00, 0x00, 0x00, 0x00, 0x00,
    0x00, 0x00, 0x00, 0x07, 0xff, 0x13, 0xff, 0xff, 0x00, 0x00, 0x00, 0x00, 0x00, 0x00, 0x00, 0x00,
    0x00, 0x00, 0x00, 0x0f, 0xfe, 0x13, 0xff, 0xfc, 0x00, 0x00, 0x00, 0x00, 0x00, 0x00, 0x00, 0x00,
    0x03, 0xf0, 0x00, 0x1f, 0xfe, 0x0f, 0xff, 0xfc, 0x00, 0x07, 0xe0, 0x00, 0x00, 0x00, 0x00, 0x00,
    0x06, 0x1e, 0x00, 0x1f, 0xfe, 0x3f, 0xff, 0xfe, 0x00, 0x3e, 0x30, 0x00, 0x00, 0x00, 0x00, 0x00,
    0x04, 0x03, 0x80, 0x3f, 0xfe, 0x6f, 0xff, 0xff, 0xc0, 0xf0, 0x10, 0x00, 0x00, 0x00, 0x00, 0x00,
    0x0c, 0xc0, 0xe0, 0x3f, 0xff, 0x6f, 0xff, 0xff, 0xf3, 0x81, 0x98, 0x00, 0x00, 0x00, 0x00, 0x00,
    0x09, 0xf0, 0x38, 0x3f, 0xff, 0xff, 0xff, 0xff, 0xfe, 0x07, 0xd8, 0x00, 0x00, 0x00, 0x00, 0x00,
    0x09, 0xf8, 0x0e, 0x7f, 0xff, 0xff, 0xff, 0xff, 0xf8, 0x0f, 0xc8, 0x00, 0x00, 0x00, 0x00, 0x00,
    0x19, 0xfc, 0x03, 0x7f, 0xe0, 0x00, 0x07, 0xff, 0xf0, 0x1f, 0xc8, 0x00, 0x00, 0x00, 0x00, 0x00,
    0x1b, 0xfe, 0x01, 0xfe, 0x03, 0xff, 0xc0, 0x7f, 0xc0, 0x3f, 0xec, 0x00, 0x00, 0x00, 0x00, 0x00,
    0x13, 0xff, 0x00, 0xf0, 0xff, 0xff, 0xff, 0x07, 0x80, 0x7f, 0xec, 0x00, 0x00, 0x00, 0x00, 0x00,
    0x13, 0xff, 0x80, 0x37, 0xff, 0xff, 0xff, 0xf6, 0x00, 0xff, 0xec, 0x00, 0x00, 0x00, 0x00, 0x00,
    0x13, 0xff, 0xc0, 0x1f, 0xff, 0xff, 0xff, 0xfc, 0x01, 0xff, 0xe4, 0x00, 0x00, 0x00, 0x00, 0x00,
    0x33, 0xff, 0xe0, 0x0f, 0xf1, 0xff, 0x1f, 0xf8, 0x03, 0xff, 0xe4, 0x00, 0x00, 0x00, 0x00, 0x00,
    0x33, 0xff, 0xe0, 0x07, 0xf1, 0xff, 0x1f, 0xf0, 0x07, 0xff, 0xe4, 0x00, 0x00, 0x00, 0x00, 0x00,
    0x33, 0xff, 0xf0, 0x19, 0xf1, 0xff, 0x1f, 0x18, 0x07, 0xff, 0xe4, 0x00, 0x00, 0x00, 0x00, 0x00,
    0x33, 0xf8, 0x38, 0x21, 0xf1, 0xfe, 0x1f, 0x04, 0x0e, 0x0f, 0xe4, 0x00, 0x00, 0x00, 0x00, 0x00,
    0x33, 0xfc, 0x18, 0x01, 0xf1, 0xfe, 0x1f, 0x00, 0x1c, 0x1f, 0xe4, 0x00, 0x00, 0x00, 0x00, 0x00,
    0x33, 0xfe, 0x0c, 0x01, 0xf1, 0xfe, 0x1e, 0x00, 0x10, 0x3f, 0xe4, 0x00, 0x00, 0x00, 0x00, 0x00,
    0x33, 0xff, 0x04, 0x00, 0xf1, 0xfe, 0x1e, 0x00, 0x20, 0x7f, 0xec, 0x00, 0x00, 0x00, 0x00, 0x00,
    0x33, 0xfc, 0x06, 0x00, 0xf1, 0xfe, 0x3e, 0x00, 0x20, 0x1f, 0xee, 0x00, 0x00, 0x00, 0x00, 0x00,
    0x33, 0xf0, 0x30, 0x00, 0xf0, 0xfe, 0x3c, 0x00, 0x1c, 0x0f, 0xef, 0x00, 0x00, 0x00, 0x00, 0x00,
    0x13, 0xf0, 0x18, 0x00, 0x70, 0xfc, 0x3c, 0x00, 0x18, 0x07, 0xcf, 0x00, 0x00, 0x00, 0x00, 0x00,
    0x13, 0xe0, 0x20, 0x00, 0x70, 0xfc, 0x38, 0x00, 0x04, 0x07, 0xcf, 0x80, 0x00, 0x00, 0x00, 0x00,
    0x13, 0xe6, 0x40, 0x00, 0x38, 0xfc, 0x30, 0x00, 0x02, 0x63, 0xcf, 0xc0, 0x00, 0x00, 0x00, 0x00,
    0x19, 0xfc, 0x80, 0x00, 0x18, 0x7c, 0x30, 0x00, 0x03, 0x3f, 0xdf, 0xc0, 0x00, 0x00, 0x00, 0x00,
    0x19, 0xf9, 0x00, 0x00, 0x08, 0x7c, 0x20, 0x00, 0x01, 0x9f, 0x9f, 0xe0, 0x00, 0x00, 0x00, 0x00,
    0x09, 0xfa, 0x00, 0x00, 0x00, 0x78, 0x00, 0x00, 0x00, 0x9f, 0x9b, 0xe0, 0x00, 0x00, 0x00, 0x00,
    0x08, 0xfe, 0x00, 0x00, 0x00, 0x78, 0x00, 0x00, 0x00, 0x5f, 0xbb, 0xf0, 0x00, 0x00, 0x00, 0x00,
    0x0c, 0xfc, 0x00, 0x00, 0x00, 0x38, 0x00, 0x00, 0x00, 0x3f, 0x3f, 0xf0, 0x00, 0x00, 0x00, 0x00,
    0x0c, 0xf8, 0x00, 0x00, 0x00, 0x30, 0x00, 0x00, 0x00, 0x3f, 0x3d, 0xf8, 0x00, 0x00, 0x00, 0x00,
    0x04, 0x70, 0x00, 0x00, 0x00, 0x10, 0x00, 0x00, 0x00, 0x1e, 0x7d, 0xf8, 0x00, 0x00, 0x00, 0x00,
    0x06, 0x70, 0x00, 0x00, 0x00, 0x00, 0x00, 0x07, 0x80, 0x0e, 0x7d, 0xfc, 0x00, 0x00, 0x00, 0x00,
    0x02, 0x30, 0x00, 0x00, 0x00, 0x00, 0x00, 0x06, 0x00, 0x1c, 0xfe, 0xfc, 0x00, 0x00, 0x00, 0x00,
    0x03, 0xc0, 0x00, 0x00, 0x00, 0x00, 0x00, 0x00, 0x00, 0x06, 0xbe, 0xfe, 0x00, 0x00, 0x00, 0x00,
    0x07, 0x00, 0x00, 0x00, 0x00, 0x00, 0x00, 0x00, 0x00, 0x01, 0xfe, 0xfc, 0x00, 0x00, 0x00, 0x00,
    0x0c, 0x00, 0x00, 0x00, 0x00, 0x0e, 0x00, 0x00, 0x00, 0x00, 0x7f, 0x70, 0x00, 0x00, 0x00, 0x00,
    0x0e, 0x80, 0x00, 0x00, 0x0f, 0xe0, 0x00, 0x00, 0x00, 0x00, 0xff, 0x00, 0x00, 0x00, 0x00, 0x00,
    0x07, 0x00, 0x00, 0x00, 0x1e, 0x78, 0x00, 0x00, 0x00, 0x01, 0x9f, 0x00, 0x00, 0x00, 0x00, 0x00,
    0x02, 0x80, 0x00, 0x00, 0x30, 0xfc, 0x00, 0x07, 0xff, 0xfd, 0x9f, 0x80, 0x00, 0x00, 0x00, 0x00,
    0x03, 0x00, 0x00, 0x00, 0x60, 0xf4, 0x00, 0x0f, 0xff, 0xf3, 0x9f, 0x80, 0x00, 0x00, 0x00, 0x00,
    0x03, 0x00, 0x00, 0x00, 0xe1, 0xf2, 0x00, 0x04, 0x3f, 0x33, 0x9f, 0xc0, 0x00, 0x00, 0x00, 0x00,
    0x02, 0x38, 0x00, 0x00, 0xe1, 0xf6, 0x00, 0x00, 0x3f, 0x71, 0x0f, 0xc0, 0x00, 0x00, 0x00, 0x00,
    0x06, 0xfe, 0x00, 0x00, 0x41, 0xfe, 0x00, 0x00, 0x7f, 0xfd, 0x8f, 0xe0, 0x00, 0x00, 0x00, 0x00,
    0x05, 0xf8, 0x00, 0x00, 0x41, 0xfe, 0x00, 0x00, 0x7f, 0xfe, 0x8f, 0xf0, 0x00, 0x00, 0x00, 0x00,
    0x07, 0xe0, 0x04, 0x00, 0x21, 0xfe, 0x00, 0x00, 0x77, 0xff, 0x87, 0xf0, 0x00, 0x00, 0x00, 0x00,
    0x0f, 0x80, 0x04, 0x00, 0x21, 0x1e, 0x00, 0x00, 0x27, 0xc7, 0xc7, 0xe0, 0x00, 0x00, 0x00, 0x00,
    0x0e, 0x00, 0x06, 0x00, 0x01, 0x02, 0x00, 0x00, 0x20, 0xc1, 0xc3, 0x80, 0x00, 0x00, 0x00, 0x00,
    0x0c, 0x00, 0x09, 0x80, 0x00, 0x84, 0x00, 0x00, 0x13, 0x00, 0xc0, 0x00, 0x00, 0x00, 0x00, 0x00,
    0x38, 0x0c, 0x19, 0x00, 0x00, 0x38, 0x07, 0x80, 0x00, 0xc0, 0x70, 0x00, 0x00, 0x00, 0x00, 0x00,
    0x60, 0xfc, 0x06, 0x00, 0x00, 0x00, 0x07, 0x00, 0x00, 0xfe, 0x18, 0x00, 0x00, 0x00, 0x00, 0x00,
    0x3f, 0xf8, 0x02, 0x00, 0x00, 0x00, 0x02, 0x00, 0x00, 0x7f, 0xf0, 0x00, 0x00, 0x00, 0x00, 0x00,
    0x3f, 0xe0, 0x02, 0x00, 0x00, 0x00, 0x02, 0x10, 0x00, 0x1f, 0xf0, 0x00, 0x00, 0x00, 0x00, 0x00,
    0x0f, 0x80, 0x00, 0x00, 0x00, 0x00, 0x1d, 0xe0, 0x00, 0x07, 0xc0, 0x00, 0x00, 0x00, 0x00, 0x00,
    0x0c, 0x1f, 0x00, 0x00, 0x00, 0x00, 0x00, 0x20, 0x03, 0xe0, 0xe0, 0x00, 0x00, 0x00, 0x00, 0x00,
    0x18, 0xc0, 0x00, 0x00, 0x00, 0x00, 0x00, 0x00, 0x00, 0x0e, 0x60, 0x00, 0x00, 0x00, 0x00, 0x00,
    0x0e, 0x00, 0x00, 0x00, 0x00, 0x00, 0x00, 0x00, 0x00, 0x01, 0xc0, 0x00, 0x00, 0x00, 0x00, 0x00,
    0x0e, 0x06, 0x00, 0x00, 0x00, 0x00, 0x00, 0x00, 0x01, 0x81, 0xc0, 0x00, 0x00, 0x00, 0x00, 0x00,
    0x12, 0x10, 0x00, 0x00, 0x00, 0x00, 0x00, 0x00, 0x00, 0x21, 0x20, 0x00, 0x00, 0x00, 0x00, 0x00,
    0x03, 0x60, 0x80, 0x00, 0x00, 0x00, 0x00, 0x00, 0x00, 0x0b, 0x00, 0x00, 0x00, 0x00, 0x00, 0x00,
    0x01, 0x81, 0x00, 0x00, 0x00, 0x00, 0x00, 0x00, 0x02, 0x06, 0x00, 0x00, 0x00, 0x00, 0x00, 0x00,
    0x03, 0xc6, 0x00, 0x00, 0x00, 0x00, 0x00, 0x00, 0x01, 0x0f, 0x00, 0x00, 0x00, 0x00, 0x00, 0x00,
    0x04, 0x38, 0x00, 0x00, 0x00, 0x00, 0x00, 0x00, 0x00, 0xf0, 0x80, 0x00, 0x00, 0x00, 0x00, 0x00,
    0x08, 0x18, 0x00, 0x00, 0x00, 0x00, 0x00, 0x00, 0x00, 0xe0, 0x00, 0x00, 0x00, 0x00, 0x00, 0x00,
    0x00, 0x26, 0x00, 0x00, 0x00, 0x00, 0x00, 0x00, 0x03, 0xa0, 0x00, 0x00, 0x00, 0x00, 0x00, 0x00,
    0x00, 0x01, 0xd0, 0x00, 0x00, 0x00, 0x00, 0x01, 0x8e, 0x10, 0x00, 0x00, 0x00, 0x00, 0x00, 0x00,
    0x00, 0x00, 0x70, 0x00, 0x00, 0x00, 0x00, 0x09, 0x78, 0x08, 0x00, 0x00, 0x00, 0x00, 0x00, 0x00,
    0x00, 0x00, 0x1f, 0xf0, 0x00, 0x00, 0x02, 0x03, 0xc0, 0x00, 0x00, 0x00, 0x00, 0x00, 0x00, 0x00,
    0x00, 0x00, 0x01, 0xf8, 0x20, 0x00, 0x10, 0x7e, 0x00, 0x00, 0x00, 0x00, 0x00, 0x00, 0x00, 0x00,
    0x00, 0x00, 0x00, 0x1f, 0xfc, 0x20, 0xff, 0xe0, 0x00, 0x00, 0x00, 0x00, 0x00, 0x00, 0x00, 0x00,
    0x00, 0x00, 0x00, 0x00, 0x3f, 0xff, 0xf0, 0x00, 0x00, 0x00, 0x00, 0x00, 0x00, 0x00, 0x00, 0x00,
    0x00, 0x00, 0x00, 0x00, 0x00, 0x00, 0x00, 0x00, 0x00, 0x00, 0x00, 0x00, 0x00, 0x00, 0x00, 0x00,
    0x00, 0x00, 0x00, 0x00, 0x00, 0x00, 0x00, 0x00, 0x00, 0x00, 0x00, 0x00, 0x00, 0x00, 0x00, 0x00,
};
static const lv_image_dsc_t seeway_xiaozhi_thinking_b = {
    .header = {
        .magic = LV_IMAGE_HEADER_MAGIC,
        .cf = LV_COLOR_FORMAT_A1,
        .flags = 0,
        .w = 96,
        .h = 96,
        .stride = 16,
        .reserved_2 = 0,
    },
    .data_size = sizeof(seeway_xiaozhi_thinking_b_map),
    .data = seeway_xiaozhi_thinking_b_map,
    .reserved = nullptr,
};

static const LV_ATTRIBUTE_MEM_ALIGN LV_ATTRIBUTE_LARGE_CONST uint8_t seeway_xiaozhi_speaking_closed_map[] = {
    0x00, 0x00, 0x00, 0x00, 0x00, 0x00, 0x00, 0x00, 0x00, 0x00, 0x00, 0x00, 0x00, 0x00, 0x00, 0x00,
    0x00, 0x00, 0x00, 0x00, 0x00, 0x00, 0x00, 0x00, 0x00, 0x00, 0x00, 0x00, 0x00, 0x00, 0x00, 0x00,
    0x00, 0x00, 0x00, 0x00, 0x00, 0x00, 0x00, 0x00, 0x00, 0x00, 0x00, 0x00, 0x00, 0x00, 0x00, 0x00,
    0x00, 0x00, 0x00, 0x00, 0x00, 0x00, 0x00, 0x00, 0x00, 0x00, 0x00, 0x00, 0x00, 0x00, 0x00, 0x00,
    0x00, 0x00, 0x00, 0x00, 0x00, 0x00, 0x00, 0x00, 0x00, 0x00, 0x00, 0x00, 0x00, 0x00, 0x00, 0x00,
    0x00, 0x00, 0x00, 0x00, 0x00, 0x00, 0x00, 0x00, 0x00, 0x00, 0x00, 0x00, 0x00, 0x00, 0x00, 0x00,
    0x00, 0x00, 0x00, 0x00, 0x00, 0x00, 0x00, 0x00, 0x00, 0x00, 0x00, 0x00, 0x00, 0x00, 0x00, 0x00,
    0x00, 0x00, 0x00, 0x00, 0x00, 0xff, 0xe0, 0x00, 0x00, 0x00, 0x00, 0x00, 0x00, 0x00, 0x00, 0x00,
    0x00, 0x00, 0x00, 0x00, 0x1f, 0xff, 0xff, 0x00, 0x00, 0x00, 0x00, 0x00, 0x00, 0x00, 0x00, 0x00,
    0x00, 0x00, 0x00, 0x00, 0xff, 0xff, 0xff, 0xe0, 0x00, 0x00, 0x00, 0x00, 0x00, 0x00, 0x00, 0x00,
    0x00, 0x00, 0x00, 0x07, 0xff, 0xff, 0xff, 0xf8, 0x00, 0x00, 0x00, 0x00, 0x00, 0x00, 0x00, 0x00,
    0x00, 0x00, 0x00, 0x1f, 0xff, 0xff, 0xff, 0xfe, 0x00, 0x00, 0x00, 0x00, 0x00, 0x00, 0x00, 0x00,
    0x00, 0x00, 0x00, 0x1f, 0xff, 0xff, 0xff, 0xfe, 0x00, 0x00, 0x00, 0x00, 0x00, 0x00, 0x00, 0x00,
    0x00, 0x00, 0x00, 0x3f, 0xff, 0xff, 0xff, 0xfe, 0x00, 0x00, 0x00, 0x00, 0x00, 0x00, 0x00, 0x00,
    0x00, 0x00, 0x00, 0x3f, 0xff, 0xff, 0xff, 0xff, 0x00, 0x00, 0x00, 0x00, 0x00, 0x00, 0x00, 0x00,
    0x00, 0x00, 0x00, 0x3f, 0xff, 0xff, 0xff, 0xff, 0x00, 0x00, 0x00, 0x00, 0x00, 0x00, 0x00, 0x00,
    0x00, 0x00, 0x00, 0x7f, 0xff, 0xff, 0xff, 0xff, 0x00, 0x00, 0x00, 0x00, 0x00, 0x00, 0x00, 0x00,
    0x00, 0x00, 0x00, 0x7f, 0xff, 0xff, 0xff, 0xff, 0x80, 0x00, 0x00, 0x00, 0x00, 0x00, 0x00, 0x00,
    0x00, 0x00, 0x00, 0x7f, 0xff, 0xff, 0xff, 0xff, 0x80, 0x00, 0x00, 0x00, 0x00, 0x00, 0x00, 0x00,
    0x00, 0x00, 0x00, 0xff, 0xff, 0xff, 0xff, 0xff, 0x80, 0x00, 0x00, 0x00, 0x00, 0x00, 0x00, 0x00,
    0x00, 0x00, 0x00, 0xff, 0xff, 0xff, 0xff, 0xff, 0x80, 0x00, 0x00, 0x00, 0x00, 0x00, 0x00, 0x00,
    0x00, 0x00, 0x00, 0xff, 0xff, 0xff, 0xff, 0xff, 0xc0, 0x00, 0x00, 0x00, 0x00, 0x00, 0x00, 0x00,
    0x00, 0x00, 0x00, 0x3f, 0xff, 0x87, 0xff, 0xff, 0x80, 0x00, 0x00, 0x00, 0x00, 0x00, 0x00, 0x00,
    0x00, 0x00, 0x00, 0x07, 0xff, 0x13, 0xff, 0xff, 0x00, 0x00, 0x00, 0x00, 0x00, 0x00, 0x00, 0x00,
    0x00, 0x00, 0x00, 0x0f, 0xfe, 0x13, 0xff, 0xfc, 0x00, 0x00, 0x00, 0x00, 0x00, 0x00, 0x00, 0x00,
    0x03, 0xf0, 0x00, 0x1f, 0xfe, 0x0f, 0xff, 0xfc, 0x00, 0x07, 0xe0, 0x00, 0x00, 0x00, 0x00, 0x00,
    0x06, 0x1e, 0x00, 0x1f, 0xfe, 0x3f, 0xff, 0xfe, 0x00, 0x3e, 0x30, 0x00, 0x00, 0x00, 0x00, 0x00,
    0x04, 0x03, 0x80, 0x3f, 0xfe, 0x6f, 0xff, 0xff, 0xc0, 0xf0, 0x10, 0x00, 0x00, 0x00, 0x00, 0x00,
    0x0c, 0xc0, 0xe0, 0x3f, 0xff, 0x6f, 0xff, 0xff, 0xf3, 0x81, 0x98, 0x00, 0x00, 0x00, 0x00, 0x00,
    0x09, 0xf0, 0x38, 0x3f, 0xff, 0xff, 0xff, 0xff, 0xfe, 0x07, 0xd8, 0x00, 0x00, 0x00, 0x00, 0x00,
    0x09, 0xf8, 0x0e, 0x7f, 0xff, 0xff, 0xff, 0xff, 0xf8, 0x0f, 0xc8, 0x00, 0x00, 0x00, 0x00, 0x00,
    0x19, 0xfc, 0x03, 0x7f, 0xe0, 0x00, 0x07, 0xff, 0xf0, 0x1f, 0xc8, 0x00, 0x00, 0x00, 0x00, 0x00,
    0x1b, 0xfe, 0x01, 0xfe, 0x03, 0xff, 0xc0, 0x7f, 0xc0, 0x3f, 0xec, 0x00, 0x00, 0x00, 0x00, 0x00,
    0x13, 0xff, 0x00, 0xf0, 0xff, 0xff, 0xff, 0x07, 0x80, 0x7f, 0xec, 0x00, 0x00, 0x00, 0x00, 0x00,
    0x13, 0xff, 0x80, 0x37, 0xff, 0xff, 0xff, 0xf6, 0x00, 0xff, 0xec, 0x00, 0x00, 0x00, 0x00, 0x00,
    0x13, 0xff, 0xc0, 0x1f, 0xff, 0xff, 0xff, 0xfc, 0x01, 0xff, 0xe4, 0x00, 0x00, 0x00, 0x00, 0x00,
    0x33, 0xff, 0xe0, 0x0f, 0xf1, 0xff, 0x1f, 0xf8, 0x03, 0xff, 0xe4, 0x00, 0x00, 0x00, 0x00, 0x00,
    0x33, 0xff, 0xe0, 0x07, 0xf1, 0xff, 0x1f, 0xf0, 0x07, 0xff, 0xe4, 0x00, 0x00, 0x00, 0x00, 0x00,
    0x33, 0xff, 0xf0, 0x19, 0xf1, 0xff, 0x1f, 0x18, 0x07, 0xff, 0xe4, 0x00, 0x00, 0x00, 0x00, 0x00,
    0x33, 0xf8, 0x38, 0x21, 0xf1, 0xfe, 0x1f, 0x04, 0x0e, 0x0f, 0xe4, 0x00, 0x00, 0x00, 0x00, 0x00,
    0x33, 0xfc, 0x18, 0x01, 0xf1, 0xfe, 0x1f, 0x00, 0x1c, 0x1f, 0xe4, 0x00, 0x00, 0x00, 0x00, 0x00,
    0x33, 0xfe, 0x0c, 0x01, 0xf1, 0xfe, 0x1e, 0x00, 0x10, 0x3f, 0xe4, 0x00, 0x00, 0x00, 0x00, 0x00,
    0x33, 0xff, 0x04, 0x00, 0xf1, 0xfe, 0x1e, 0x00, 0x20, 0x7f, 0xec, 0x00, 0x00, 0x00, 0x00, 0x00,
    0x33, 0xfc, 0x06, 0x00, 0xf1, 0xfe, 0x3e, 0x00, 0x20, 0x1f, 0xee, 0x00, 0x00, 0x00, 0x00, 0x00,
    0x33, 0xf0, 0x30, 0x00, 0xf0, 0xfe, 0x3c, 0x00, 0x1c, 0x0f, 0xef, 0x00, 0x00, 0x00, 0x00, 0x00,
    0x13, 0xf0, 0x18, 0x00, 0x70, 0xfc, 0x3c, 0x00, 0x18, 0x07, 0xcf, 0x00, 0x00, 0x00, 0x00, 0x00,
    0x13, 0xe0, 0x20, 0x00, 0x70, 0xfc, 0x38, 0x00, 0x04, 0x07, 0xcf, 0x80, 0x00, 0x00, 0x00, 0x00,
    0x13, 0xe6, 0x40, 0x01, 0xf8, 0xfc, 0x30, 0x07, 0x82, 0x63, 0xcf, 0xc0, 0x00, 0x00, 0x00, 0x00,
    0x19, 0xfc, 0x80, 0x00, 0x78, 0x7c, 0x30, 0x0e, 0x03, 0x3f, 0xdf, 0xc0, 0x00, 0x00, 0x00, 0x00,
    0x19, 0xf9, 0x00, 0x00, 0x18, 0x7c, 0x20, 0x18, 0x01, 0x9f, 0x9f, 0xe0, 0x00, 0x00, 0x00, 0x00,
    0x09, 0xfa, 0x00, 0x00, 0x00, 0x78, 0x00, 0x00, 0x00, 0x9f, 0x9b, 0xe0, 0x00, 0x00, 0x00, 0x00,
    0x08, 0xfe, 0x00, 0x00, 0x00, 0x78, 0x00, 0x00, 0x00, 0x5f, 0xbb, 0xf0, 0x00, 0x00, 0x00, 0x00,
    0x0c, 0xfc, 0x00, 0x00, 0x00, 0x38, 0x00, 0x00, 0x00, 0x3f, 0x3f, 0xf0, 0x00, 0x00, 0x00, 0x00,
    0x0c, 0xf8, 0x00, 0x00, 0x00, 0x30, 0x00, 0x00, 0x00, 0x3f, 0x3d, 0xf8, 0x00, 0x00, 0x00, 0x00,
    0x04, 0x70, 0x00, 0x1e, 0x00, 0x10, 0x00, 0x00, 0x7c, 0x1e, 0x7d, 0xf8, 0x00, 0x00, 0x00, 0x00,
    0x06, 0x70, 0x00, 0x7f, 0x90, 0x00, 0x00, 0x1b, 0xff, 0x0e, 0x7d, 0xfc, 0x00, 0x00, 0x00, 0x00,
    0x02, 0x30, 0x01, 0xff, 0xe8, 0x00, 0x00, 0x07, 0xff, 0x9c, 0xfe, 0xfc, 0x00, 0x00, 0x00, 0x00,
    0x03, 0xc0, 0x03, 0xcf, 0xf0, 0x00, 0x00, 0x0f, 0xf3, 0xc6, 0xbe, 0xfe, 0x00, 0x00, 0x00, 0x00,
    0x07, 0x00, 0x07, 0x9f, 0xf8, 0x00, 0x00, 0x1f, 0xf9, 0xe1, 0xfe, 0xfc, 0x00, 0x00, 0x00, 0x00,
    0x0c, 0x00, 0x07, 0x3f, 0x3c, 0x00, 0x00, 0x3d, 0xf8, 0xe0, 0x7f, 0x70, 0x00, 0x00, 0x00, 0x00,
    0x0e, 0x80, 0x0e, 0x3f, 0x1c, 0x00, 0x00, 0x38, 0xfc, 0x70, 0xff, 0x00, 0x00, 0x00, 0x00, 0x00,
    0x07, 0x00, 0x0e, 0x7f, 0x18, 0x00, 0x00, 0x78, 0xfe, 0x31, 0x9f, 0x00, 0x00, 0x00, 0x00, 0x00,
    0x02, 0x80, 0x1c, 0x7f, 0x1c, 0x00, 0x00, 0x39, 0xfe, 0x3d, 0x9f, 0x80, 0x00, 0x00, 0x00, 0x00,
    0x03, 0x00, 0x1c, 0x7f, 0xfc, 0x00, 0x00, 0x3f, 0xfe, 0x3b, 0x9f, 0x80, 0x00, 0x00, 0x00, 0x00,
    0x03, 0x00, 0x18, 0x7f, 0xfc, 0x00, 0x00, 0x3f, 0xfe, 0x33, 0x9f, 0xc0, 0x00, 0x00, 0x00, 0x00,
    0x02, 0x38, 0x08, 0x7f, 0xfc, 0x00, 0x00, 0x7f, 0xfe, 0x71, 0x0f, 0xc0, 0x00, 0x00, 0x00, 0x00,
    0x06, 0xfe, 0x08, 0x7f, 0xfc, 0x00, 0x00, 0x7f, 0xfe, 0xfd, 0x8f, 0xe0, 0x00, 0x00, 0x00, 0x00,
    0x05, 0xf8, 0x08, 0x7f, 0xec, 0x00, 0x00, 0x77, 0xfe, 0x7e, 0x8f, 0xf0, 0x00, 0x00, 0x00, 0x00,
    0x07, 0xe0, 0x04, 0x63, 0xec, 0x00, 0x00, 0x27, 0xc6, 0x3f, 0x87, 0xf0, 0x00, 0x00, 0x00, 0x00,
    0x0f, 0x80, 0x04, 0x61, 0xcc, 0x00, 0x00, 0x23, 0x86, 0x07, 0xc7, 0xe0, 0x00, 0x00, 0x00, 0x00,
    0x0e, 0x00, 0x00, 0x60, 0x08, 0x00, 0x00, 0x30, 0x04, 0x01, 0xc3, 0x80, 0x00, 0x00, 0x00, 0x00,
    0x0c, 0x00, 0x00, 0x30, 0x18, 0x07, 0xc0, 0x10, 0x08, 0x00, 0xc0, 0x00, 0x00, 0x00, 0x00, 0x00,
    0x38, 0x0c, 0x00, 0x1c, 0x30, 0x07, 0xc0, 0x0c, 0x38, 0xc0, 0x70, 0x00, 0x00, 0x00, 0x00, 0x00,
    0x60, 0xfc, 0x00, 0x07, 0x80, 0x03, 0x80, 0x03, 0xc0, 0xfe, 0x18, 0x00, 0x00, 0x00, 0x00, 0x00,
    0x3f, 0xf8, 0x00, 0x00, 0x00, 0x01, 0x00, 0x00, 0x00, 0x7f, 0xf0, 0x00, 0x00, 0x00, 0x00, 0x00,
    0x3f, 0xe0, 0x00, 0x00, 0x00, 0x01, 0x00, 0x00, 0x00, 0x1f, 0xf0, 0x00, 0x00, 0x00, 0x00, 0x00,
    0x0f, 0x80, 0x00, 0x00, 0x00, 0x43, 0x84, 0x00, 0x00, 0x07, 0xc0, 0x00, 0x00, 0x00, 0x00, 0x00,
    0x0c, 0x1f, 0x00, 0x00, 0x00, 0x3c, 0x78, 0x00, 0x03, 0xe0, 0xe0, 0x00, 0x00, 0x00, 0x00, 0x00,
    0x18, 0xc0, 0x00, 0x00, 0x00, 0x00, 0x00, 0x00, 0x00, 0x0e, 0x60, 0x00, 0x00, 0x00, 0x00, 0x00,
    0x0e, 0x00, 0x00, 0x00, 0x00, 0x00, 0x00, 0x00, 0x00, 0x01, 0xc0, 0x00, 0x00, 0x00, 0x00, 0x00,
    0x0e, 0x06, 0x00, 0x00, 0x00, 0x00, 0x00, 0x00, 0x01, 0x81, 0xc0, 0x00, 0x00, 0x00, 0x00, 0x00,
    0x12, 0x10, 0x00, 0x00, 0x00, 0x00, 0x00, 0x00, 0x00, 0x21, 0x20, 0x00, 0x00, 0x00, 0x00, 0x00,
    0x03, 0x60, 0x80, 0x00, 0x00, 0x00, 0x00, 0x00, 0x00, 0x0b, 0x00, 0x00, 0x00, 0x00, 0x00, 0x00,
    0x01, 0x81, 0x00, 0x00, 0x00, 0x00, 0x00, 0x00, 0x02, 0x06, 0x00, 0x00, 0x00, 0x00, 0x00, 0x00,
    0x03, 0xc6, 0x00, 0x00, 0x00, 0x00, 0x00, 0x00, 0x01, 0x0f, 0x00, 0x00, 0x00, 0x00, 0x00, 0x00,
    0x04, 0x38, 0x00, 0x00, 0x00, 0x00, 0x00, 0x00, 0x00, 0xf0, 0x80, 0x00, 0x00, 0x00, 0x00, 0x00,
    0x08, 0x18, 0x00, 0x00, 0x00, 0x00, 0x00, 0x00, 0x00, 0xe0, 0x00, 0x00, 0x00, 0x00, 0x00, 0x00,
    0x00, 0x26, 0x00, 0x00, 0x00, 0x00, 0x00, 0x00, 0x03, 0xa0, 0x00, 0x00, 0x00, 0x00, 0x00, 0x00,
    0x00, 0x01, 0xd0, 0x00, 0x00, 0x00, 0x00, 0x01, 0x8e, 0x10, 0x00, 0x00, 0x00, 0x00, 0x00, 0x00,
    0x00, 0x00, 0x70, 0x00, 0x00, 0x00, 0x00, 0x09, 0x78, 0x08, 0x00, 0x00, 0x00, 0x00, 0x00, 0x00,
    0x00, 0x00, 0x1f, 0xf0, 0x00, 0x00, 0x02, 0x03, 0xc0, 0x00, 0x00, 0x00, 0x00, 0x00, 0x00, 0x00,
    0x00, 0x00, 0x01, 0xf8, 0x20, 0x00, 0x10, 0x7e, 0x00, 0x00, 0x00, 0x00, 0x00, 0x00, 0x00, 0x00,
    0x00, 0x00, 0x00, 0x1f, 0xfc, 0x20, 0xff, 0xe0, 0x00, 0x00, 0x00, 0x00, 0x00, 0x00, 0x00, 0x00,
    0x00, 0x00, 0x00, 0x00, 0x3f, 0xff, 0xf0, 0x00, 0x00, 0x00, 0x00, 0x00, 0x00, 0x00, 0x00, 0x00,
    0x00, 0x00, 0x00, 0x00, 0x00, 0x00, 0x00, 0x00, 0x00, 0x00, 0x00, 0x00, 0x00, 0x00, 0x00, 0x00,
    0x00, 0x00, 0x00, 0x00, 0x00, 0x00, 0x00, 0x00, 0x00, 0x00, 0x00, 0x00, 0x00, 0x00, 0x00, 0x00,
};
static const lv_image_dsc_t seeway_xiaozhi_speaking_closed = {
    .header = {
        .magic = LV_IMAGE_HEADER_MAGIC,
        .cf = LV_COLOR_FORMAT_A1,
        .flags = 0,
        .w = 96,
        .h = 96,
        .stride = 16,
        .reserved_2 = 0,
    },
    .data_size = sizeof(seeway_xiaozhi_speaking_closed_map),
    .data = seeway_xiaozhi_speaking_closed_map,
    .reserved = nullptr,
};

static const LV_ATTRIBUTE_MEM_ALIGN LV_ATTRIBUTE_LARGE_CONST uint8_t seeway_xiaozhi_speaking_open_map[] = {
    0x00, 0x00, 0x00, 0x00, 0x00, 0x00, 0x00, 0x00, 0x00, 0x00, 0x00, 0x00, 0x00, 0x00, 0x00, 0x00,
    0x00, 0x00, 0x00, 0x00, 0x00, 0x00, 0x00, 0x00, 0x00, 0x00, 0x00, 0x00, 0x00, 0x00, 0x00, 0x00,
    0x00, 0x00, 0x00, 0x00, 0x00, 0x00, 0x00, 0x00, 0x00, 0x00, 0x00, 0x00, 0x00, 0x00, 0x00, 0x00,
    0x00, 0x00, 0x00, 0x00, 0x00, 0x00, 0x00, 0x00, 0x00, 0x00, 0x00, 0x00, 0x00, 0x00, 0x00, 0x00,
    0x00, 0x00, 0x00, 0x00, 0x00, 0x00, 0x00, 0x00, 0x00, 0x00, 0x00, 0x00, 0x00, 0x00, 0x00, 0x00,
    0x00, 0x00, 0x00, 0x00, 0x00, 0x00, 0x00, 0x00, 0x00, 0x00, 0x00, 0x00, 0x00, 0x00, 0x00, 0x00,
    0x00, 0x00, 0x00, 0x00, 0x00, 0x00, 0x00, 0x00, 0x00, 0x00, 0x00, 0x00, 0x00, 0x00, 0x00, 0x00,
    0x00, 0x00, 0x00, 0x00, 0x00, 0xff, 0xe0, 0x00, 0x00, 0x00, 0x00, 0x00, 0x00, 0x00, 0x00, 0x00,
    0x00, 0x00, 0x00, 0x00, 0x1f, 0xff, 0xff, 0x00, 0x00, 0x00, 0x00, 0x00, 0x00, 0x00, 0x00, 0x00,
    0x00, 0x00, 0x00, 0x00, 0xff, 0xff, 0xff, 0xe0, 0x00, 0x00, 0x00, 0x00, 0x00, 0x00, 0x00, 0x00,
    0x00, 0x00, 0x00, 0x07, 0xff, 0xff, 0xff, 0xf8, 0x00, 0x00, 0x00, 0x00, 0x00, 0x00, 0x00, 0x00,
    0x00, 0x00, 0x00, 0x1f, 0xff, 0xff, 0xff, 0xfe, 0x00, 0x00, 0x00, 0x00, 0x00, 0x00, 0x00, 0x00,
    0x00, 0x00, 0x00, 0x1f, 0xff, 0xff, 0xff, 0xfe, 0x00, 0x00, 0x00, 0x00, 0x00, 0x00, 0x00, 0x00,
    0x00, 0x00, 0x00, 0x3f, 0xff, 0xff, 0xff, 0xfe, 0x00, 0x00, 0x00, 0x00, 0x00, 0x00, 0x00, 0x00,
    0x00, 0x00, 0x00, 0x3f, 0xff, 0xff, 0xff, 0xff, 0x00, 0x00, 0x00, 0x00, 0x00, 0x00, 0x00, 0x00,
    0x00, 0x00, 0x00, 0x3f, 0xff, 0xff, 0xff, 0xff, 0x00, 0x00, 0x00, 0x00, 0x00, 0x00, 0x00, 0x00,
    0x00, 0x00, 0x00, 0x7f, 0xff, 0xff, 0xff, 0xff, 0x00, 0x00, 0x00, 0x00, 0x00, 0x00, 0x00, 0x00,
    0x00, 0x00, 0x00, 0x7f, 0xff, 0xff, 0xff, 0xff, 0x80, 0x00, 0x00, 0x00, 0x00, 0x00, 0x00, 0x00,
    0x00, 0x00, 0x00, 0x7f, 0xff, 0xff, 0xff, 0xff, 0x80, 0x00, 0x00, 0x00, 0x00, 0x00, 0x00, 0x00,
    0x00, 0x00, 0x00, 0xff, 0xff, 0xff, 0xff, 0xff, 0x80, 0x00, 0x00, 0x00, 0x00, 0x00, 0x00, 0x00,
    0x00, 0x00, 0x00, 0xff, 0xff, 0xff, 0xff, 0xff, 0x80, 0x00, 0x00, 0x00, 0x00, 0x00, 0x00, 0x00,
    0x00, 0x00, 0x00, 0xff, 0xff, 0xff, 0xff, 0xff, 0xc0, 0x00, 0x00, 0x00, 0x00, 0x00, 0x00, 0x00,
    0x00, 0x00, 0x00, 0x3f, 0xff, 0x87, 0xff, 0xff, 0x80, 0x00, 0x00, 0x00, 0x00, 0x00, 0x00, 0x00,
    0x00, 0x00, 0x00, 0x07, 0xff, 0x13, 0xff, 0xff, 0x00, 0x00, 0x00, 0x00, 0x00, 0x00, 0x00, 0x00,
    0x00, 0x00, 0x00, 0x0f, 0xfe, 0x13, 0xff, 0xfc, 0x00, 0x00, 0x00, 0x00, 0x00, 0x00, 0x00, 0x00,
    0x03, 0xf0, 0x00, 0x1f, 0xfe, 0x0f, 0xff, 0xfc, 0x00, 0x07, 0xe0, 0x00, 0x00, 0x00, 0x00, 0x00,
    0x06, 0x1e, 0x00, 0x1f, 0xfe, 0x3f, 0xff, 0xfe, 0x00, 0x3e, 0x30, 0x00, 0x00, 0x00, 0x00, 0x00,
    0x04, 0x03, 0x80, 0x3f, 0xfe, 0x6f, 0xff, 0xff, 0xc0, 0xf0, 0x10, 0x00, 0x00, 0x00, 0x00, 0x00,
    0x0c, 0xc0, 0xe0, 0x3f, 0xff, 0x6f, 0xff, 0xff, 0xf3, 0x81, 0x98, 0x00, 0x00, 0x00, 0x00, 0x00,
    0x09, 0xf0, 0x38, 0x3f, 0xff, 0xff, 0xff, 0xff, 0xfe, 0x07, 0xd8, 0x00, 0x00, 0x00, 0x00, 0x00,
    0x09, 0xf8, 0x0e, 0x7f, 0xff, 0xff, 0xff, 0xff, 0xf8, 0x0f, 0xc8, 0x00, 0x00, 0x00, 0x00, 0x00,
    0x19, 0xfc, 0x03, 0x7f, 0xe0, 0x00, 0x07, 0xff, 0xf0, 0x1f, 0xc8, 0x00, 0x00, 0x00, 0x00, 0x00,
    0x1b, 0xfe, 0x01, 0xfe, 0x03, 0xff, 0xc0, 0x7f, 0xc0, 0x3f, 0xec, 0x00, 0x00, 0x00, 0x00, 0x00,
    0x13, 0xff, 0x00, 0xf0, 0xff, 0xff, 0xff, 0x07, 0x80, 0x7f, 0xec, 0x00, 0x00, 0x00, 0x00, 0x00,
    0x13, 0xff, 0x80, 0x37, 0xff, 0xff, 0xff, 0xf6, 0x00, 0xff, 0xec, 0x00, 0x00, 0x00, 0x00, 0x00,
    0x13, 0xff, 0xc0, 0x1f, 0xff, 0xff, 0xff, 0xfc, 0x01, 0xff, 0xe4, 0x00, 0x00, 0x00, 0x00, 0x00,
    0x33, 0xff, 0xe0, 0x0f, 0xf1, 0xff, 0x1f, 0xf8, 0x03, 0xff, 0xe4, 0x00, 0x00, 0x00, 0x00, 0x00,
    0x33, 0xff, 0xe0, 0x07, 0xf1, 0xff, 0x1f, 0xf0, 0x07, 0xff, 0xe4, 0x00, 0x00, 0x00, 0x00, 0x00,
    0x33, 0xff, 0xf0, 0x19, 0xf1, 0xff, 0x1f, 0x18, 0x07, 0xff, 0xe4, 0x00, 0x00, 0x00, 0x00, 0x00,
    0x33, 0xf8, 0x38, 0x21, 0xf1, 0xfe, 0x1f, 0x04, 0x0e, 0x0f, 0xe4, 0x00, 0x00, 0x00, 0x00, 0x00,
    0x33, 0xfc, 0x18, 0x01, 0xf1, 0xfe, 0x1f, 0x00, 0x1c, 0x1f, 0xe4, 0x00, 0x00, 0x00, 0x00, 0x00,
    0x33, 0xfe, 0x0c, 0x01, 0xf1, 0xfe, 0x1e, 0x00, 0x10, 0x3f, 0xe4, 0x00, 0x00, 0x00, 0x00, 0x00,
    0x33, 0xff, 0x04, 0x01, 0xf1, 0xfe, 0x1e, 0x00, 0x20, 0x7f, 0xec, 0x00, 0x00, 0x00, 0x00, 0x00,
    0x33, 0xfc, 0x06, 0x00, 0xf9, 0xfe, 0x3e, 0x00, 0x20, 0x1f, 0xee, 0x00, 0x00, 0x00, 0x00, 0x00,
    0x33, 0xf0, 0x30, 0x00, 0xf8, 0xfe, 0x3c, 0x00, 0x1c, 0x0f, 0xef, 0x00, 0x00, 0x00, 0x00, 0x00,
    0x13, 0xf0, 0x18, 0x00, 0x70, 0xfc, 0x3c, 0x00, 0x18, 0x07, 0xcf, 0x00, 0x00, 0x00, 0x00, 0x00,
    0x13, 0xe0, 0x20, 0x00, 0x70, 0xfc, 0x38, 0x1c, 0x04, 0x07, 0xcf, 0x80, 0x00, 0x00, 0x00, 0x00,
    0x13, 0xe6, 0x40, 0x00, 0x38, 0xfc, 0x30, 0x0f, 0xe2, 0x63, 0xcf, 0xc0, 0x00, 0x00, 0x00, 0x00,
    0x19, 0xfc, 0x80, 0x00, 0x18, 0x7c, 0x30, 0x07, 0xc3, 0x3f, 0xdf, 0xc0, 0x00, 0x00, 0x00, 0x00,
    0x19, 0xf9, 0x00, 0x00, 0x08, 0x7c, 0x20, 0x00, 0x01, 0x9f, 0x9f, 0xe0, 0x00, 0x00, 0x00, 0x00,
    0x09, 0xfa, 0x00, 0x00, 0x00, 0x78, 0x00, 0x00, 0x00, 0x9f, 0x9b, 0xe0, 0x00, 0x00, 0x00, 0x00,
    0x08, 0xfe, 0x00, 0x00, 0x00, 0x78, 0x00, 0x00, 0x00, 0x5f, 0xbb, 0xf0, 0x00, 0x00, 0x00, 0x00,
    0x0c, 0xfc, 0x00, 0x00, 0x00, 0x38, 0x00, 0x00, 0x00, 0x3f, 0x3f, 0xf0, 0x00, 0x00, 0x00, 0x00,
    0x0c, 0xf8, 0x00, 0x00, 0x00, 0x30, 0x00, 0x00, 0x00, 0x3f, 0x3d, 0xf8, 0x00, 0x00, 0x00, 0x00,
    0x04, 0x70, 0x00, 0xff, 0x30, 0x10, 0x00, 0x00, 0x00, 0x1e, 0x7d, 0xf8, 0x00, 0x00, 0x00, 0x00,
    0x06, 0x70, 0x03, 0xff, 0xc8, 0x00, 0x00, 0x04, 0x18, 0x0e, 0x7d, 0xfc, 0x00, 0x00, 0x00, 0x00,
    0x02, 0x30, 0x07, 0xff, 0xe0, 0x00, 0x00, 0x09, 0xff, 0x1c, 0xfe, 0xfc, 0x00, 0x00, 0x00, 0x00,
    0x03, 0xc0, 0x0f, 0xfc, 0xf0, 0x00, 0x00, 0x03, 0xff, 0xc6, 0xbe, 0xfe, 0x00, 0x00, 0x00, 0x00,
    0x07, 0x00, 0x0f, 0xf8, 0xf8, 0x00, 0x00, 0x07, 0x9f, 0xe1, 0xfe, 0xfc, 0x00, 0x00, 0x00, 0x00,
    0x0c, 0x00, 0x1f, 0xfd, 0xf8, 0x00, 0x00, 0x0f, 0x8f, 0xf0, 0x7f, 0x70, 0x00, 0x00, 0x00, 0x00,
    0x0e, 0x80, 0x0f, 0xe3, 0xfc, 0x00, 0x00, 0x1f, 0x9f, 0xf8, 0xff, 0x00, 0x00, 0x00, 0x00, 0x00,
    0x07, 0x00, 0x0f, 0x00, 0x7c, 0x00, 0x00, 0x1f, 0xff, 0xf9, 0x9f, 0x00, 0x00, 0x00, 0x00, 0x00,
    0x02, 0x80, 0x0c, 0x00, 0x1c, 0x00, 0x00, 0x36, 0x01, 0xf5, 0x9f, 0x80, 0x00, 0x00, 0x00, 0x00,
    0x03, 0x00, 0x00, 0x00, 0x04, 0x00, 0x00, 0x38, 0x00, 0x33, 0x9f, 0x80, 0x00, 0x00, 0x00, 0x00,
    0x03, 0x00, 0x00, 0x00, 0x00, 0x00, 0x00, 0x20, 0x00, 0x13, 0x9f, 0xc0, 0x00, 0x00, 0x00, 0x00,
    0x02, 0x38, 0x00, 0x00, 0x00, 0x07, 0xe0, 0x00, 0x00, 0x71, 0x0f, 0xc0, 0x00, 0x00, 0x00, 0x00,
    0x06, 0xfe, 0x00, 0x00, 0x00, 0x03, 0xc0, 0x00, 0x00, 0xfd, 0x8f, 0xe0, 0x00, 0x00, 0x00, 0x00,
    0x05, 0xf8, 0x00, 0x00, 0x00, 0x01, 0x80, 0x00, 0x00, 0x7e, 0x8f, 0xf0, 0x00, 0x00, 0x00, 0x00,
    0x07, 0xe0, 0x00, 0x00, 0x00, 0x00, 0x00, 0x00, 0x00, 0x1f, 0x87, 0xf0, 0x00, 0x00, 0x00, 0x00,
    0x0f, 0x80, 0x00, 0x00, 0x00, 0x41, 0x02, 0x00, 0x00, 0x07, 0xc7, 0xe0, 0x00, 0x00, 0x00, 0x00,
    0x0e, 0x00, 0x00, 0x00, 0x00, 0x63, 0x86, 0x00, 0x00, 0x01, 0xc3, 0x80, 0x00, 0x00, 0x00, 0x00,
    0x0c, 0x00, 0x00, 0x00, 0x00, 0x3e, 0x7c, 0x00, 0x00, 0x00, 0xc0, 0x00, 0x00, 0x00, 0x00, 0x00,
    0x38, 0x0c, 0x00, 0x00, 0x00, 0x08, 0x10, 0x00, 0x00, 0xc0, 0x70, 0x00, 0x00, 0x00, 0x00, 0x00,
    0x60, 0xfc, 0x00, 0x00, 0x00, 0x08, 0x10, 0x00, 0x00, 0xfe, 0x18, 0x00, 0x00, 0x00, 0x00, 0x00,
    0x3f, 0xf8, 0x00, 0x00, 0x00, 0x08, 0x10, 0x00, 0x00, 0x7f, 0xf0, 0x00, 0x00, 0x00, 0x00, 0x00,
    0x3f, 0xe0, 0x00, 0x00, 0x00, 0x0c, 0x30, 0x00, 0x00, 0x1f, 0xf0, 0x00, 0x00, 0x00, 0x00, 0x00,
    0x0f, 0x80, 0x00, 0x00, 0x00, 0x04, 0x60, 0x00, 0x00, 0x07, 0xc0, 0x00, 0x00, 0x00, 0x00, 0x00,
    0x0c, 0x1f, 0x00, 0x00, 0x00, 0x03, 0xc0, 0x00, 0x03, 0xe0, 0xe0, 0x00, 0x00, 0x00, 0x00, 0x00,
    0x18, 0xc0, 0x00, 0x00, 0x00, 0x00, 0x00, 0x00, 0x00, 0x0e, 0x60, 0x00, 0x00, 0x00, 0x00, 0x00,
    0x0e, 0x00, 0x00, 0x00, 0x00, 0x00, 0x00, 0x00, 0x00, 0x01, 0xc0, 0x00, 0x00, 0x00, 0x00, 0x00,
    0x0e, 0x06, 0x00, 0x00, 0x00, 0x00, 0x00, 0x00, 0x01, 0x81, 0xc0, 0x00, 0x00, 0x00, 0x00, 0x00,
    0x12, 0x10, 0x00, 0x00, 0x00, 0x00, 0x00, 0x00, 0x00, 0x21, 0x20, 0x00, 0x00, 0x00, 0x00, 0x00,
    0x03, 0x60, 0x80, 0x00, 0x00, 0x00, 0x00, 0x00, 0x00, 0x0b, 0x00, 0x00, 0x00, 0x00, 0x00, 0x00,
    0x01, 0x81, 0x00, 0x00, 0x00, 0x00, 0x00, 0x00, 0x02, 0x06, 0x00, 0x00, 0x00, 0x00, 0x00, 0x00,
    0x03, 0xc6, 0x00, 0x00, 0x00, 0x00, 0x00, 0x00, 0x01, 0x0f, 0x00, 0x00, 0x00, 0x00, 0x00, 0x00,
    0x04, 0x38, 0x00, 0x00, 0x00, 0x00, 0x00, 0x00, 0x00, 0xf0, 0x80, 0x00, 0x00, 0x00, 0x00, 0x00,
    0x08, 0x18, 0x00, 0x00, 0x00, 0x00, 0x00, 0x00, 0x00, 0xe0, 0x00, 0x00, 0x00, 0x00, 0x00, 0x00,
    0x00, 0x26, 0x00, 0x00, 0x00, 0x00, 0x00, 0x00, 0x03, 0xa0, 0x00, 0x00, 0x00, 0x00, 0x00, 0x00,
    0x00, 0x01, 0xd0, 0x00, 0x00, 0x00, 0x00, 0x01, 0x8e, 0x10, 0x00, 0x00, 0x00, 0x00, 0x00, 0x00,
    0x00, 0x00, 0x70, 0x00, 0x00, 0x00, 0x00, 0x09, 0x78, 0x08, 0x00, 0x00, 0x00, 0x00, 0x00, 0x00,
    0x00, 0x00, 0x1f, 0xf0, 0x00, 0x00, 0x02, 0x03, 0xc0, 0x00, 0x00, 0x00, 0x00, 0x00, 0x00, 0x00,
    0x00, 0x00, 0x01, 0xf8, 0x20, 0x00, 0x10, 0x7e, 0x00, 0x00, 0x00, 0x00, 0x00, 0x00, 0x00, 0x00,
    0x00, 0x00, 0x00, 0x1f, 0xfc, 0x20, 0xff, 0xe0, 0x00, 0x00, 0x00, 0x00, 0x00, 0x00, 0x00, 0x00,
    0x00, 0x00, 0x00, 0x00, 0x3f, 0xff, 0xf0, 0x00, 0x00, 0x00, 0x00, 0x00, 0x00, 0x00, 0x00, 0x00,
    0x00, 0x00, 0x00, 0x00, 0x00, 0x00, 0x00, 0x00, 0x00, 0x00, 0x00, 0x00, 0x00, 0x00, 0x00, 0x00,
    0x00, 0x00, 0x00, 0x00, 0x00, 0x00, 0x00, 0x00, 0x00, 0x00, 0x00, 0x00, 0x00, 0x00, 0x00, 0x00,
};
static const lv_image_dsc_t seeway_xiaozhi_speaking_open = {
    .header = {
        .magic = LV_IMAGE_HEADER_MAGIC,
        .cf = LV_COLOR_FORMAT_A1,
        .flags = 0,
        .w = 96,
        .h = 96,
        .stride = 16,
        .reserved_2 = 0,
    },
    .data_size = sizeof(seeway_xiaozhi_speaking_open_map),
    .data = seeway_xiaozhi_speaking_open_map,
    .reserved = nullptr,
};

static const LV_ATTRIBUTE_MEM_ALIGN LV_ATTRIBUTE_LARGE_CONST uint8_t seeway_xiaozhi_positive_map[] = {
    0x00, 0x00, 0x00, 0x00, 0x00, 0x00, 0x00, 0x00, 0x00, 0x00, 0x00, 0x00, 0x00, 0x00, 0x00, 0x00,
    0x00, 0x00, 0x00, 0x00, 0x00, 0x00, 0x00, 0x00, 0x00, 0x00, 0x00, 0x00, 0x00, 0x00, 0x00, 0x00,
    0x00, 0x00, 0x00, 0x00, 0x00, 0x00, 0x00, 0x00, 0x00, 0x00, 0x00, 0x00, 0x00, 0x00, 0x00, 0x00,
    0x00, 0x00, 0x00, 0x00, 0x00, 0x00, 0x00, 0x00, 0x00, 0x00, 0x00, 0x00, 0x00, 0x00, 0x00, 0x00,
    0x00, 0x00, 0x00, 0x00, 0x00, 0x00, 0x00, 0x00, 0x00, 0x00, 0x00, 0x00, 0x00, 0x00, 0x00, 0x00,
    0x00, 0x00, 0x00, 0x00, 0x00, 0x00, 0x00, 0x00, 0x00, 0x00, 0x00, 0x00, 0x00, 0x00, 0x00, 0x00,
    0x00, 0x00, 0x00, 0x00, 0x00, 0x00, 0x00, 0x00, 0x00, 0x00, 0x00, 0x00, 0x00, 0x00, 0x00, 0x00,
    0x00, 0x00, 0x00, 0x00, 0x00, 0xff, 0xe0, 0x00, 0x00, 0x00, 0x00, 0x00, 0x00, 0x00, 0x00, 0x00,
    0x00, 0x00, 0x00, 0x00, 0x1f, 0xff, 0xff, 0x00, 0x00, 0x00, 0x00, 0x00, 0x00, 0x00, 0x00, 0x00,
    0x00, 0x00, 0x00, 0x00, 0xff, 0xff, 0xff, 0xe0, 0x00, 0x00, 0x00, 0x00, 0x00, 0x00, 0x00, 0x00,
    0x00, 0x00, 0x00, 0x07, 0xff, 0xff, 0xff, 0xf8, 0x00, 0x00, 0x00, 0x00, 0x00, 0x00, 0x00, 0x00,
    0x00, 0x00, 0x00, 0x1f, 0xff, 0xff, 0xff, 0xfe, 0x00, 0x00, 0x00, 0x00, 0x00, 0x00, 0x00, 0x00,
    0x00, 0x00, 0x00, 0x1f, 0xff, 0xff, 0xff, 0xfe, 0x00, 0x00, 0x00, 0x00, 0x00, 0x00, 0x00, 0x00,
    0x00, 0x00, 0x00, 0x3f, 0xff, 0xff, 0xff, 0xfe, 0x00, 0x00, 0x00, 0x00, 0x00, 0x00, 0x00, 0x00,
    0x00, 0x00, 0x00, 0x3f, 0xff, 0xff, 0xff, 0xff, 0x00, 0x00, 0x00, 0x00, 0x00, 0x00, 0x00, 0x00,
    0x00, 0x00, 0x00, 0x3f, 0xff, 0xff, 0xff, 0xff, 0x00, 0x00, 0x00, 0x00, 0x00, 0x00, 0x00, 0x00,
    0x00, 0x00, 0x00, 0x7f, 0xff, 0xff, 0xff, 0xff, 0x00, 0x00, 0x00, 0x00, 0x00, 0x00, 0x00, 0x00,
    0x00, 0x00, 0x00, 0x7f, 0xff, 0xff, 0xff, 0xff, 0x80, 0x00, 0x00, 0x00, 0x00, 0x00, 0x00, 0x00,
    0x00, 0x00, 0x00, 0x7f, 0xff, 0xff, 0xff, 0xff, 0x80, 0x00, 0x00, 0x00, 0x00, 0x00, 0x00, 0x00,
    0x00, 0x00, 0x00, 0xff, 0xff, 0xff, 0xff, 0xff, 0x80, 0x00, 0x00, 0x00, 0x00, 0x00, 0x00, 0x00,
    0x00, 0x00, 0x00, 0xff, 0xff, 0xff, 0xff, 0xff, 0x80, 0x00, 0x00, 0x00, 0x00, 0x00, 0x00, 0x00,
    0x00, 0x00, 0x00, 0xff, 0xff, 0xff, 0xff, 0xff, 0xc0, 0x00, 0x00, 0x00, 0x00, 0x00, 0x00, 0x00,
    0x00, 0x00, 0x00, 0x3f, 0xff, 0x87, 0xff, 0xff, 0x80, 0x00, 0x00, 0x00, 0x00, 0x00, 0x00, 0x00,
    0x00, 0x00, 0x00, 0x07, 0xff, 0x13, 0xff, 0xff, 0x00, 0x00, 0x00, 0x00, 0x00, 0x00, 0x00, 0x00,
    0x00, 0x00, 0x00, 0x0f, 0xfe, 0x13, 0xff, 0xfc, 0x00, 0x00, 0x00, 0x00, 0x00, 0x00, 0x00, 0x00,
    0x03, 0xf0, 0x00, 0x1f, 0xfe, 0x0f, 0xff, 0xfc, 0x00, 0x07, 0xe0, 0x00, 0x00, 0x00, 0x00, 0x00,
    0x06, 0x1e, 0x00, 0x1f, 0xfe, 0x3f, 0xff, 0xfe, 0x00, 0x3e, 0x30, 0x00, 0x00, 0x00, 0x00, 0x00,
    0x04, 0x03, 0x80, 0x3f, 0xfe, 0x6f, 0xff, 0xff, 0xc0, 0xf0, 0x10, 0x00, 0x00, 0x00, 0x00, 0x00,
    0x0c, 0xc0, 0xe0, 0x3f, 0xff, 0x6f, 0xff, 0xff, 0xf3, 0x81, 0x98, 0x00, 0x00, 0x00, 0x00, 0x00,
    0x09, 0xf0, 0x38, 0x3f, 0xff, 0xff, 0xff, 0xff, 0xfe, 0x07, 0xd8, 0x00, 0x00, 0x00, 0x00, 0x00,
    0x09, 0xf8, 0x0e, 0x7f, 0xff, 0xff, 0xff, 0xff, 0xf8, 0x0f, 0xc8, 0x00, 0x00, 0x00, 0x00, 0x00,
    0x19, 0xfc, 0x03, 0x7f, 0xe0, 0x00, 0x07, 0xff, 0xf0, 0x1f, 0xc8, 0x00, 0x00, 0x00, 0x00, 0x00,
    0x1b, 0xfe, 0x01, 0xfe, 0x03, 0xff, 0xc0, 0x7f, 0xc0, 0x3f, 0xec, 0x00, 0x00, 0x00, 0x00, 0x00,
    0x13, 0xff, 0x00, 0xf0, 0xff, 0xff, 0xff, 0x07, 0x80, 0x7f, 0xec, 0x00, 0x00, 0x00, 0x00, 0x00,
    0x13, 0xff, 0x80, 0x37, 0xff, 0xff, 0xff, 0xf6, 0x00, 0xff, 0xec, 0x00, 0x00, 0x00, 0x00, 0x00,
    0x13, 0xff, 0xc0, 0x1f, 0xff, 0xff, 0xff, 0xfc, 0x01, 0xff, 0xe4, 0x00, 0x00, 0x00, 0x00, 0x00,
    0x33, 0xff, 0xe0, 0x0f, 0xf1, 0xff, 0x1f, 0xf8, 0x03, 0xff, 0xe4, 0x00, 0x00, 0x00, 0x00, 0x00,
    0x33, 0xff, 0xe0, 0x07, 0xf1, 0xff, 0x1f, 0xf0, 0x07, 0xff, 0xe4, 0x00, 0x00, 0x00, 0x00, 0x00,
    0x33, 0xff, 0xf0, 0x19, 0xf1, 0xff, 0x1f, 0x18, 0x07, 0xff, 0xe4, 0x00, 0x00, 0x00, 0x00, 0x00,
    0x33, 0xf8, 0x38, 0x21, 0xf1, 0xfe, 0x1f, 0x04, 0x0e, 0x0f, 0xe4, 0x00, 0x00, 0x00, 0x00, 0x00,
    0x33, 0xfc, 0x18, 0x01, 0xf1, 0xfe, 0x1f, 0x00, 0x1c, 0x1f, 0xe4, 0x00, 0x00, 0x00, 0x00, 0x00,
    0x33, 0xfe, 0x0c, 0x01, 0xf1, 0xfe, 0x1e, 0x00, 0x10, 0x3f, 0xe4, 0x00, 0x00, 0x00, 0x00, 0x00,
    0x33, 0xff, 0x04, 0x00, 0xf1, 0xfe, 0x1e, 0x00, 0x20, 0x7f, 0xec, 0x00, 0x00, 0x00, 0x00, 0x00,
    0x33, 0xfc, 0x06, 0x0f, 0xf1, 0xfe, 0x3e, 0x00, 0x20, 0x1f, 0xee, 0x00, 0x00, 0x00, 0x00, 0x00,
    0x33, 0xf0, 0x30, 0x01, 0xf0, 0xfe, 0x3c, 0x00, 0x1c, 0x0f, 0xef, 0x00, 0x00, 0x00, 0x00, 0x00,
    0x13, 0xf0, 0x18, 0x00, 0x70, 0xfc, 0x3c, 0x00, 0x18, 0x07, 0xcf, 0x00, 0x00, 0x00, 0x00, 0x00,
    0x13, 0xe0, 0x20, 0x00, 0x70, 0xfc, 0x38, 0x00, 0x04, 0x07, 0xcf, 0x80, 0x00, 0x00, 0x00, 0x00,
    0x13, 0xe6, 0x40, 0x00, 0x38, 0xfc, 0x30, 0x00, 0x02, 0x63, 0xcf, 0xc0, 0x00, 0x00, 0x00, 0x00,
    0x19, 0xfc, 0x80, 0x00, 0x18, 0x7c, 0x30, 0x00, 0x03, 0x3f, 0xdf, 0xc0, 0x00, 0x00, 0x00, 0x00,
    0x19, 0xf9, 0x00, 0x00, 0x08, 0x7c, 0x20, 0x00, 0x01, 0x9f, 0x9f, 0xe0, 0x00, 0x00, 0x00, 0x00,
    0x09, 0xfa, 0x00, 0x00, 0x00, 0x78, 0x00, 0x60, 0x00, 0x9f, 0x9b, 0xe0, 0x00, 0x00, 0x00, 0x00,
    0x08, 0xfe, 0x00, 0x7f, 0x40, 0x78, 0x01, 0xc0, 0x00, 0x5f, 0xbb, 0xf0, 0x00, 0x00, 0x00, 0x00,
    0x0c, 0xfc, 0x01, 0xff, 0xc0, 0x38, 0x07, 0x80, 0x00, 0x3f, 0x3f, 0xf0, 0x00, 0x00, 0x00, 0x00,
    0x0c, 0xf8, 0x01, 0xcf, 0xc0, 0x30, 0x06, 0x00, 0x00, 0x3f, 0x3d, 0xf8, 0x00, 0x00, 0x00, 0x00,
    0x04, 0x70, 0x07, 0x9f, 0xe0, 0x10, 0x00, 0x00, 0x00, 0x3e, 0x7d, 0xf8, 0x00, 0x00, 0x00, 0x00,
    0x06, 0x70, 0x07, 0x3e, 0x70, 0x00, 0x00, 0x00, 0x00, 0x5e, 0x7d, 0xfc, 0x00, 0x00, 0x00, 0x00,
    0x02, 0x30, 0x0e, 0x7e, 0x68, 0x00, 0x00, 0x00, 0x01, 0x9c, 0xfe, 0xfc, 0x00, 0x00, 0x00, 0x00,
    0x03, 0xc0, 0x0c, 0x7e, 0x70, 0x00, 0x00, 0x00, 0x00, 0x76, 0xbe, 0xfe, 0x00, 0x00, 0x00, 0x00,
    0x07, 0x00, 0x1c, 0xff, 0xf0, 0x00, 0x02, 0x3f, 0x80, 0x21, 0xfe, 0xfc, 0x00, 0x00, 0x00, 0x00,
    0x0c, 0x00, 0x1c, 0xff, 0xf0, 0x00, 0x04, 0xff, 0xe0, 0x20, 0x7f, 0x70, 0x00, 0x00, 0x00, 0x00,
    0x0e, 0x80, 0x08, 0xff, 0xf0, 0x00, 0x01, 0xf3, 0xf0, 0x00, 0xff, 0x00, 0x00, 0x00, 0x00, 0x00,
    0x07, 0x00, 0x08, 0xff, 0xd0, 0x00, 0x03, 0x80, 0x60, 0x01, 0x9f, 0x00, 0x00, 0x00, 0x00, 0x00,
    0x02, 0x80, 0x08, 0xe7, 0xd0, 0x00, 0x06, 0x00, 0x00, 0x05, 0x9f, 0x80, 0x00, 0x00, 0x00, 0x00,
    0x03, 0x00, 0x0c, 0xc7, 0x90, 0x00, 0x00, 0x00, 0x00, 0x03, 0x9f, 0x80, 0x00, 0x00, 0x00, 0x00,
    0x03, 0x00, 0x04, 0x43, 0x10, 0x00, 0x00, 0x00, 0x00, 0x03, 0x9f, 0xc0, 0x00, 0x00, 0x00, 0x00,
    0x02, 0x38, 0x00, 0x60, 0x20, 0x00, 0x00, 0x00, 0x00, 0x71, 0x0f, 0xc0, 0x00, 0x00, 0x00, 0x00,
    0x06, 0xfe, 0x00, 0x30, 0x40, 0x3e, 0x00, 0x00, 0x00, 0xfd, 0x8f, 0xe0, 0x00, 0x00, 0x00, 0x00,
    0x05, 0xf8, 0x00, 0x1f, 0x80, 0x1c, 0x00, 0x00, 0x00, 0x7e, 0x8f, 0xf0, 0x00, 0x00, 0x00, 0x00,
    0x07, 0xe0, 0x00, 0x00, 0x00, 0x08, 0x00, 0x00, 0x00, 0x1f, 0x87, 0xf0, 0x00, 0x00, 0x00, 0x00,
    0x0f, 0x80, 0x00, 0x00, 0x02, 0x08, 0x00, 0x00, 0x00, 0x07, 0xc7, 0xe0, 0x00, 0x00, 0x00, 0x00,
    0x0e, 0x00, 0x00, 0x00, 0x03, 0x1c, 0x20, 0x00, 0x00, 0x01, 0xc3, 0x80, 0x00, 0x00, 0x00, 0x00,
    0x0c, 0x00, 0x00, 0x00, 0x01, 0xff, 0xc0, 0x00, 0x00, 0x00, 0xc0, 0x00, 0x00, 0x00, 0x00, 0x00,
    0x38, 0x0c, 0x00, 0x00, 0x01, 0xff, 0xc0, 0x00, 0x00, 0xc0, 0x70, 0x00, 0x00, 0x00, 0x00, 0x00,
    0x60, 0xfc, 0x00, 0x00, 0x00, 0xe3, 0xc0, 0x00, 0x00, 0xfe, 0x18, 0x00, 0x00, 0x00, 0x00, 0x00,
    0x3f, 0xf8, 0x00, 0x00, 0x00, 0x80, 0xc0, 0x00, 0x00, 0x7f, 0xf0, 0x00, 0x00, 0x00, 0x00, 0x00,
    0x3f, 0xe0, 0x00, 0x00, 0x00, 0x80, 0x80, 0x00, 0x00, 0x1f, 0xf0, 0x00, 0x00, 0x00, 0x00, 0x00,
    0x0f, 0x80, 0x00, 0x00, 0x00, 0x61, 0x00, 0x00, 0x00, 0x07, 0xc0, 0x00, 0x00, 0x00, 0x00, 0x00,
    0x0c, 0x1f, 0x00, 0x00, 0x00, 0x3e, 0x00, 0x00, 0x03, 0xe0, 0xe0, 0x00, 0x00, 0x00, 0x00, 0x00,
    0x18, 0xc0, 0x00, 0x00, 0x00, 0x00, 0x00, 0x00, 0x00, 0x0e, 0x60, 0x00, 0x00, 0x00, 0x00, 0x00,
    0x0e, 0x00, 0x00, 0x00, 0x00, 0x00, 0x00, 0x00, 0x00, 0x01, 0xc0, 0x00, 0x00, 0x00, 0x00, 0x00,
    0x0e, 0x06, 0x00, 0x00, 0x00, 0x00, 0x00, 0x00, 0x01, 0x81, 0xc0, 0x00, 0x00, 0x00, 0x00, 0x00,
    0x12, 0x10, 0x00, 0x00, 0x00, 0x00, 0x00, 0x00, 0x00, 0x21, 0x20, 0x00, 0x00, 0x00, 0x00, 0x00,
    0x03, 0x60, 0x80, 0x00, 0x00, 0x00, 0x00, 0x00, 0x00, 0x0b, 0x00, 0x00, 0x00, 0x00, 0x00, 0x00,
    0x01, 0x81, 0x00, 0x00, 0x00, 0x00, 0x00, 0x00, 0x02, 0x06, 0x00, 0x00, 0x00, 0x00, 0x00, 0x00,
    0x03, 0xc6, 0x00, 0x00, 0x00, 0x00, 0x00, 0x00, 0x01, 0x0f, 0x00, 0x00, 0x00, 0x00, 0x00, 0x00,
    0x04, 0x38, 0x00, 0x00, 0x00, 0x00, 0x00, 0x00, 0x00, 0xf0, 0x80, 0x00, 0x00, 0x00, 0x00, 0x00,
    0x08, 0x18, 0x00, 0x00, 0x00, 0x00, 0x00, 0x00, 0x00, 0xe0, 0x00, 0x00, 0x00, 0x00, 0x00, 0x00,
    0x00, 0x26, 0x00, 0x00, 0x00, 0x00, 0x00, 0x00, 0x03, 0xa0, 0x00, 0x00, 0x00, 0x00, 0x00, 0x00,
    0x00, 0x01, 0xd0, 0x00, 0x00, 0x00, 0x00, 0x01, 0x8e, 0x10, 0x00, 0x00, 0x00, 0x00, 0x00, 0x00,
    0x00, 0x00, 0x70, 0x00, 0x00, 0x00, 0x00, 0x09, 0x78, 0x08, 0x00, 0x00, 0x00, 0x00, 0x00, 0x00,
    0x00, 0x00, 0x1f, 0xf0, 0x00, 0x00, 0x02, 0x03, 0xc0, 0x00, 0x00, 0x00, 0x00, 0x00, 0x00, 0x00,
    0x00, 0x00, 0x01, 0xf8, 0x20, 0x00, 0x10, 0x7e, 0x00, 0x00, 0x00, 0x00, 0x00, 0x00, 0x00, 0x00,
    0x00, 0x00, 0x00, 0x1f, 0xfc, 0x20, 0xff, 0xe0, 0x00, 0x00, 0x00, 0x00, 0x00, 0x00, 0x00, 0x00,
    0x00, 0x00, 0x00, 0x00, 0x3f, 0xff, 0xf0, 0x00, 0x00, 0x00, 0x00, 0x00, 0x00, 0x00, 0x00, 0x00,
    0x00, 0x00, 0x00, 0x00, 0x00, 0x00, 0x00, 0x00, 0x00, 0x00, 0x00, 0x00, 0x00, 0x00, 0x00, 0x00,
    0x00, 0x00, 0x00, 0x00, 0x00, 0x00, 0x00, 0x00, 0x00, 0x00, 0x00, 0x00, 0x00, 0x00, 0x00, 0x00,
};
static const lv_image_dsc_t seeway_xiaozhi_positive = {
    .header = {
        .magic = LV_IMAGE_HEADER_MAGIC,
        .cf = LV_COLOR_FORMAT_A1,
        .flags = 0,
        .w = 96,
        .h = 96,
        .stride = 16,
        .reserved_2 = 0,
    },
    .data_size = sizeof(seeway_xiaozhi_positive_map),
    .data = seeway_xiaozhi_positive_map,
    .reserved = nullptr,
};

static const LV_ATTRIBUTE_MEM_ALIGN LV_ATTRIBUTE_LARGE_CONST uint8_t seeway_xiaozhi_caution_map[] = {
    0x00, 0x00, 0x00, 0x00, 0x00, 0x00, 0x00, 0x00, 0x00, 0x00, 0x00, 0x00, 0x00, 0x00, 0x00, 0x00,
    0x00, 0x00, 0x00, 0x00, 0x00, 0x00, 0x00, 0x00, 0x00, 0x00, 0x00, 0x00, 0x00, 0x00, 0x00, 0x00,
    0x00, 0x00, 0x00, 0x00, 0x00, 0x00, 0x00, 0x00, 0x00, 0x00, 0x00, 0x00, 0x00, 0x00, 0x00, 0x00,
    0x00, 0x00, 0x00, 0x00, 0x00, 0x00, 0x00, 0x00, 0x00, 0x00, 0x00, 0x00, 0x00, 0x00, 0x00, 0x00,
    0x00, 0x00, 0x00, 0x00, 0x00, 0x00, 0x00, 0x00, 0x00, 0x00, 0x00, 0x00, 0x00, 0x00, 0x00, 0x00,
    0x00, 0x00, 0x00, 0x00, 0x00, 0x00, 0x00, 0x00, 0x00, 0x00, 0x00, 0x00, 0x00, 0x00, 0x00, 0x00,
    0x00, 0x00, 0x00, 0x00, 0x00, 0x00, 0x00, 0x00, 0x00, 0x00, 0x00, 0x00, 0x00, 0x00, 0x00, 0x00,
    0x00, 0x00, 0x00, 0x00, 0x00, 0xff, 0xe0, 0x00, 0x00, 0x00, 0x00, 0x00, 0x00, 0x00, 0x00, 0x00,
    0x00, 0x00, 0x00, 0x00, 0x1f, 0xff, 0xff, 0x00, 0x00, 0x00, 0x00, 0x00, 0x00, 0x00, 0x00, 0x00,
    0x00, 0x00, 0x00, 0x00, 0xff, 0xff, 0xff, 0xe0, 0x00, 0x00, 0x00, 0x00, 0x00, 0x00, 0x00, 0x00,
    0x00, 0x00, 0x00, 0x07, 0xff, 0xff, 0xff, 0xf8, 0x00, 0x00, 0x00, 0x00, 0x00, 0x00, 0x00, 0x00,
    0x00, 0x00, 0x00, 0x1f, 0xff, 0xff, 0xff, 0xfe, 0x00, 0x00, 0x00, 0x00, 0x00, 0x00, 0x00, 0x00,
    0x00, 0x00, 0x00, 0x1f, 0xff, 0xff, 0xff, 0xfe, 0x00, 0x00, 0x00, 0x00, 0x00, 0x00, 0x00, 0x00,
    0x00, 0x00, 0x00, 0x3f, 0xff, 0xff, 0xff, 0xfe, 0x00, 0x00, 0x00, 0x00, 0x00, 0x00, 0x00, 0x00,
    0x00, 0x00, 0x00, 0x3f, 0xff, 0xff, 0xff, 0xff, 0x00, 0x00, 0x00, 0x00, 0x00, 0x00, 0x00, 0x00,
    0x00, 0x00, 0x00, 0x3f, 0xff, 0xff, 0xff, 0xff, 0x00, 0x00, 0x00, 0x00, 0x00, 0x00, 0x00, 0x00,
    0x00, 0x00, 0x00, 0x7f, 0xff, 0xff, 0xff, 0xff, 0x00, 0x00, 0x00, 0x00, 0x00, 0x00, 0x00, 0x00,
    0x00, 0x00, 0x00, 0x7f, 0xff, 0xff, 0xff, 0xff, 0x80, 0x00, 0x00, 0x00, 0x00, 0x00, 0x00, 0x00,
    0x00, 0x00, 0x00, 0x7f, 0xff, 0xff, 0xff, 0xff, 0x80, 0x00, 0x00, 0x00, 0x00, 0x00, 0x00, 0x00,
    0x00, 0x00, 0x00, 0xff, 0xff, 0xff, 0xff, 0xff, 0x80, 0x00, 0x00, 0x00, 0x00, 0x00, 0x00, 0x00,
    0x00, 0x00, 0x00, 0xff, 0xff, 0xff, 0xff, 0xff, 0x80, 0x00, 0x00, 0x00, 0x00, 0x00, 0x00, 0x00,
    0x00, 0x00, 0x00, 0xff, 0xff, 0xff, 0xff, 0xff, 0xc0, 0x00, 0x00, 0x00, 0x00, 0x00, 0x00, 0x00,
    0x00, 0x00, 0x00, 0x3f, 0xff, 0x87, 0xff, 0xff, 0x80, 0x00, 0x00, 0x00, 0x00, 0x00, 0x00, 0x00,
    0x00, 0x00, 0x00, 0x07, 0xff, 0x13, 0xff, 0xff, 0x00, 0x00, 0x00, 0x00, 0x00, 0x00, 0x00, 0x00,
    0x00, 0x00, 0x00, 0x0f, 0xfe, 0x13, 0xff, 0xfc, 0x00, 0x00, 0x00, 0x00, 0x00, 0x00, 0x00, 0x00,
    0x03, 0xf0, 0x00, 0x1f, 0xfe, 0x0f, 0xff, 0xfc, 0x00, 0x07, 0xe0, 0x00, 0x00, 0x00, 0x00, 0x00,
    0x06, 0x1e, 0x00, 0x1f, 0xfe, 0x3f, 0xff, 0xfe, 0x00, 0x3e, 0x30, 0x00, 0x00, 0x00, 0x00, 0x00,
    0x04, 0x03, 0x80, 0x3f, 0xfe, 0x6f, 0xff, 0xff, 0xc0, 0xf0, 0x10, 0x00, 0x00, 0x00, 0x00, 0x00,
    0x0c, 0xc0, 0xe0, 0x3f, 0xff, 0x6f, 0xff, 0xff, 0xf3, 0x81, 0x98, 0x00, 0x00, 0x00, 0x00, 0x00,
    0x09, 0xf0, 0x38, 0x3f, 0xff, 0xff, 0xff, 0xff, 0xfe, 0x07, 0xd8, 0x00, 0x00, 0x00, 0x00, 0x00,
    0x09, 0xf8, 0x0e, 0x7f, 0xff, 0xff, 0xff, 0xff, 0xf8, 0x0f, 0xc8, 0x00, 0x00, 0x00, 0x00, 0x00,
    0x19, 0xfc, 0x03, 0x7f, 0xe0, 0x00, 0x07, 0xff, 0xf0, 0x1f, 0xc8, 0x00, 0x00, 0x00, 0x00, 0x00,
    0x1b, 0xfe, 0x01, 0xfe, 0x03, 0xff, 0xc0, 0x7f, 0xc0, 0x3f, 0xec, 0x00, 0x00, 0x00, 0x00, 0x00,
    0x13, 0xff, 0x00, 0xf0, 0xff, 0xff, 0xff, 0x07, 0x80, 0x7f, 0xec, 0x00, 0x00, 0x00, 0x00, 0x00,
    0x13, 0xff, 0x80, 0x37, 0xff, 0xff, 0xff, 0xf6, 0x00, 0xff, 0xec, 0x00, 0x00, 0x00, 0x00, 0x00,
    0x13, 0xff, 0xc0, 0x1f, 0xff, 0xff, 0xff, 0xfc, 0x01, 0xff, 0xe4, 0x00, 0x00, 0x00, 0x00, 0x00,
    0x33, 0xff, 0xe0, 0x0f, 0xf1, 0xff, 0x1f, 0xf8, 0x03, 0xff, 0xe4, 0x00, 0x00, 0x00, 0x00, 0x00,
    0x33, 0xff, 0xe0, 0x07, 0xf1, 0xff, 0x1f, 0xf0, 0x07, 0xff, 0xe4, 0x00, 0x00, 0x00, 0x00, 0x00,
    0x33, 0xff, 0xf0, 0x19, 0xf1, 0xff, 0x1f, 0x18, 0x07, 0xff, 0xe4, 0x00, 0x00, 0x00, 0x00, 0x00,
    0x33, 0xf8, 0x38, 0x21, 0xf1, 0xfe, 0x1f, 0x04, 0x0e, 0x0f, 0xe4, 0x00, 0x00, 0x00, 0x00, 0x00,
    0x33, 0xfc, 0x18, 0x01, 0xf1, 0xfe, 0x1f, 0x00, 0x1c, 0x1f, 0xe4, 0x00, 0x00, 0x00, 0x00, 0x00,
    0x33, 0xfe, 0x0c, 0x01, 0xf1, 0xfe, 0x1e, 0x00, 0x10, 0x3f, 0xe4, 0x00, 0x00, 0x00, 0x00, 0x00,
    0x33, 0xff, 0x04, 0x00, 0xf1, 0xfe, 0x1e, 0x00, 0x20, 0x7f, 0xec, 0x00, 0x00, 0x00, 0x00, 0x00,
    0x33, 0xfc, 0x06, 0x00, 0xf1, 0xfe, 0x3e, 0x00, 0x20, 0x1f, 0xee, 0x00, 0x00, 0x00, 0x00, 0x00,
    0x33, 0xf0, 0x30, 0x00, 0xf0, 0xfe, 0x3c, 0x00, 0x1c, 0x0f, 0xef, 0x00, 0x00, 0x00, 0x00, 0x00,
    0x13, 0xf0, 0x18, 0x00, 0x70, 0xfc, 0x3c, 0x00, 0x18, 0x07, 0xcf, 0x00, 0x00, 0x00, 0x00, 0x00,
    0x13, 0xe0, 0x20, 0x00, 0x70, 0xfc, 0x38, 0x00, 0x04, 0x07, 0xcf, 0x80, 0x00, 0x00, 0x00, 0x00,
    0x13, 0xe6, 0x40, 0x00, 0x38, 0xfc, 0x30, 0x00, 0x02, 0x63, 0xcf, 0xc0, 0x00, 0x00, 0x00, 0x00,
    0x19, 0xfc, 0x80, 0x00, 0x18, 0x7c, 0x30, 0x00, 0x03, 0x3f, 0xdf, 0xc0, 0x00, 0x00, 0x00, 0x00,
    0x19, 0xf9, 0x00, 0x00, 0x08, 0x7c, 0x20, 0x00, 0x01, 0x9f, 0x9f, 0xe0, 0x00, 0x00, 0x00, 0x00,
    0x09, 0xfa, 0x00, 0x00, 0x00, 0x78, 0x00, 0x00, 0x00, 0x9f, 0x9b, 0xe0, 0x00, 0x00, 0x00, 0x00,
    0x08, 0xfe, 0x00, 0x00, 0x00, 0x78, 0x00, 0x00, 0x00, 0x5f, 0xbb, 0xf0, 0x00, 0x00, 0x00, 0x00,
    0x0c, 0xfc, 0x00, 0x00, 0x00, 0x38, 0x00, 0x00, 0x00, 0x3f, 0x3f, 0xf0, 0x00, 0x00, 0x00, 0x00,
    0x0c, 0xf8, 0x00, 0x00, 0x00, 0x30, 0x00, 0x00, 0x00, 0x3f, 0x3d, 0xf8, 0x00, 0x00, 0x00, 0x00,
    0x04, 0x70, 0x00, 0x00, 0x60, 0x10, 0x20, 0x00, 0x00, 0x1e, 0x7d, 0xf8, 0x00, 0x00, 0x00, 0x00,
    0x06, 0x70, 0x00, 0x00, 0xc0, 0x00, 0x70, 0x00, 0x00, 0x0e, 0x7d, 0xfc, 0x00, 0x00, 0x00, 0x00,
    0x02, 0x30, 0x00, 0x03, 0x80, 0x00, 0x5e, 0x00, 0x00, 0x1c, 0xfe, 0xfc, 0x00, 0x00, 0x00, 0x00,
    0x03, 0xc0, 0x00, 0x00, 0x00, 0x00, 0x20, 0x00, 0x00, 0x06, 0xbe, 0xfe, 0x00, 0x00, 0x00, 0x00,
    0x07, 0x00, 0x00, 0x00, 0x00, 0x00, 0x00, 0x00, 0x00, 0x01, 0xfe, 0xfc, 0x00, 0x00, 0x00, 0x00,
    0x0c, 0x00, 0x00, 0x00, 0x00, 0x00, 0x00, 0x00, 0x00, 0x00, 0x7f, 0x70, 0x00, 0x00, 0x00, 0x00,
    0x0e, 0x80, 0x00, 0x00, 0x00, 0x00, 0x00, 0x00, 0x00, 0x00, 0xff, 0x00, 0x00, 0x00, 0x00, 0x00,
    0x07, 0x00, 0x0f, 0xc1, 0x80, 0x00, 0x08, 0x00, 0x00, 0x01, 0x9f, 0x00, 0x00, 0x00, 0x00, 0x00,
    0x02, 0x80, 0x1f, 0xfe, 0x40, 0x00, 0x20, 0x7c, 0x00, 0x05, 0x9f, 0x80, 0x00, 0x00, 0x00, 0x00,
    0x03, 0x00, 0x0f, 0xc7, 0x80, 0x00, 0x1f, 0xff, 0xc0, 0x03, 0x9f, 0x80, 0x00, 0x00, 0x00, 0x00,
    0x03, 0x00, 0x13, 0xc0, 0xe0, 0x00, 0x3f, 0x80, 0x80, 0x03, 0x9f, 0xc0, 0x00, 0x00, 0x00, 0x00,
    0x02, 0x38, 0x13, 0xe0, 0x40, 0x00, 0x27, 0xc0, 0xc0, 0x71, 0x0f, 0xc0, 0x00, 0x00, 0x00, 0x00,
    0x06, 0xfe, 0x1b, 0xe0, 0x40, 0x00, 0x27, 0xc0, 0x40, 0xfd, 0x8f, 0xe0, 0x00, 0x00, 0x00, 0x00,
    0x05, 0xf8, 0x1f, 0xe0, 0x00, 0x00, 0x27, 0xc0, 0x40, 0x7e, 0x8f, 0xf0, 0x00, 0x00, 0x00, 0x00,
    0x07, 0xe0, 0x1f, 0xe0, 0x00, 0x00, 0x3f, 0xc0, 0x40, 0x1f, 0x87, 0xf0, 0x00, 0x00, 0x00, 0x00,
    0x0f, 0x80, 0x17, 0x00, 0x00, 0x00, 0x3f, 0x40, 0x40, 0x07, 0xc7, 0xe0, 0x00, 0x00, 0x00, 0x00,
    0x0e, 0x00, 0x08, 0x40, 0x40, 0x00, 0x2e, 0x00, 0x80, 0x01, 0xc3, 0x80, 0x00, 0x00, 0x00, 0x00,
    0x0c, 0x00, 0x0f, 0xfe, 0x00, 0x00, 0x11, 0xff, 0x80, 0x00, 0xc0, 0x00, 0x00, 0x00, 0x00, 0x00,
    0x38, 0x0c, 0x00, 0x00, 0x80, 0x60, 0x0c, 0x00, 0x40, 0xc0, 0x70, 0x00, 0x00, 0x00, 0x00, 0x00,
    0x60, 0xfc, 0x00, 0x00, 0x00, 0xf0, 0x00, 0x00, 0x00, 0xfe, 0x18, 0x00, 0x00, 0x00, 0x00, 0x00,
    0x3f, 0xf8, 0x00, 0x00, 0x00, 0x40, 0x00, 0x00, 0x01, 0xff, 0xf0, 0x00, 0x00, 0x00, 0x00, 0x00,
    0x3f, 0xe0, 0x00, 0x00, 0x00, 0x40, 0x00, 0x00, 0x00, 0x7f, 0xf0, 0x00, 0x00, 0x00, 0x00, 0x00,
    0x0f, 0x80, 0x00, 0x00, 0x00, 0x60, 0x00, 0x00, 0x00, 0xaf, 0xc0, 0x00, 0x00, 0x00, 0x00, 0x00,
    0x0c, 0x1f, 0x00, 0x00, 0x00, 0x00, 0x00, 0x00, 0x03, 0xf8, 0xe0, 0x00, 0x00, 0x00, 0x00, 0x00,
    0x18, 0xc0, 0x00, 0x00, 0x00, 0x00, 0x00, 0x00, 0x00, 0x0e, 0x60, 0x00, 0x00, 0x00, 0x00, 0x00,
    0x0e, 0x00, 0x00, 0x00, 0x00, 0x00, 0x00, 0x00, 0x00, 0x01, 0xc0, 0x00, 0x00, 0x00, 0x00, 0x00,
    0x0e, 0x06, 0x00, 0x00, 0x00, 0x00, 0x00, 0x00, 0x01, 0x81, 0xc0, 0x00, 0x00, 0x00, 0x00, 0x00,
    0x12, 0x10, 0x00, 0x00, 0x00, 0x00, 0x00, 0x00, 0x00, 0x21, 0x20, 0x00, 0x00, 0x00, 0x00, 0x00,
    0x03, 0x60, 0x80, 0x00, 0x00, 0x00, 0x00, 0x00, 0x00, 0x0b, 0x00, 0x00, 0x00, 0x00, 0x00, 0x00,
    0x01, 0x81, 0x00, 0x00, 0x00, 0x00, 0x00, 0x00, 0x02, 0x06, 0x00, 0x00, 0x00, 0x00, 0x00, 0x00,
    0x03, 0xc6, 0x00, 0x00, 0x00, 0x00, 0x00, 0x00, 0x01, 0x0f, 0x00, 0x00, 0x00, 0x00, 0x00, 0x00,
    0x04, 0x38, 0x00, 0x00, 0x00, 0x00, 0x00, 0x00, 0x00, 0xf0, 0x80, 0x00, 0x00, 0x00, 0x00, 0x00,
    0x08, 0x18, 0x00, 0x00, 0x00, 0x00, 0x00, 0x00, 0x00, 0xe0, 0x00, 0x00, 0x00, 0x00, 0x00, 0x00,
    0x00, 0x26, 0x00, 0x00, 0x00, 0x00, 0x00, 0x00, 0x03, 0xa0, 0x00, 0x00, 0x00, 0x00, 0x00, 0x00,
    0x00, 0x01, 0xd0, 0x00, 0x00, 0x00, 0x00, 0x01, 0x8e, 0x10, 0x00, 0x00, 0x00, 0x00, 0x00, 0x00,
    0x00, 0x00, 0x70, 0x00, 0x00, 0x00, 0x00, 0x09, 0x78, 0x08, 0x00, 0x00, 0x00, 0x00, 0x00, 0x00,
    0x00, 0x00, 0x1f, 0xf0, 0x00, 0x00, 0x02, 0x03, 0xc0, 0x00, 0x00, 0x00, 0x00, 0x00, 0x00, 0x00,
    0x00, 0x00, 0x01, 0xf8, 0x20, 0x00, 0x10, 0x7e, 0x00, 0x00, 0x00, 0x00, 0x00, 0x00, 0x00, 0x00,
    0x00, 0x00, 0x00, 0x1f, 0xfc, 0x20, 0xff, 0xe0, 0x00, 0x00, 0x00, 0x00, 0x00, 0x00, 0x00, 0x00,
    0x00, 0x00, 0x00, 0x00, 0x3f, 0xff, 0xf0, 0x00, 0x00, 0x00, 0x00, 0x00, 0x00, 0x00, 0x00, 0x00,
    0x00, 0x00, 0x00, 0x00, 0x00, 0x00, 0x00, 0x00, 0x00, 0x00, 0x00, 0x00, 0x00, 0x00, 0x00, 0x00,
    0x00, 0x00, 0x00, 0x00, 0x00, 0x00, 0x00, 0x00, 0x00, 0x00, 0x00, 0x00, 0x00, 0x00, 0x00, 0x00,
};
static const lv_image_dsc_t seeway_xiaozhi_caution = {
    .header = {
        .magic = LV_IMAGE_HEADER_MAGIC,
        .cf = LV_COLOR_FORMAT_A1,
        .flags = 0,
        .w = 96,
        .h = 96,
        .stride = 16,
        .reserved_2 = 0,
    },
    .data_size = sizeof(seeway_xiaozhi_caution_map),
    .data = seeway_xiaozhi_caution_map,
    .reserved = nullptr,
};

static const LV_ATTRIBUTE_MEM_ALIGN LV_ATTRIBUTE_LARGE_CONST uint8_t seeway_xiaozhi_muted_error_map[] = {
    0x00, 0x00, 0x00, 0x00, 0x00, 0x00, 0x00, 0x00, 0x00, 0x00, 0x00, 0x00, 0x00, 0x00, 0x00, 0x00,
    0x00, 0x00, 0x00, 0x00, 0x00, 0x00, 0x00, 0x00, 0x00, 0x00, 0x00, 0x00, 0x00, 0x00, 0x00, 0x00,
    0x00, 0x00, 0x00, 0x00, 0x00, 0x00, 0x00, 0x00, 0x00, 0x00, 0x00, 0x00, 0x00, 0x00, 0x00, 0x00,
    0x00, 0x00, 0x00, 0x00, 0x00, 0x00, 0x00, 0x00, 0x00, 0x00, 0x00, 0x00, 0x00, 0x00, 0x00, 0x00,
    0x00, 0x00, 0x00, 0x00, 0x00, 0x00, 0x00, 0x00, 0x00, 0x00, 0x00, 0x00, 0x00, 0x00, 0x00, 0x00,
    0x00, 0x00, 0x00, 0x00, 0x00, 0x00, 0x00, 0x00, 0x00, 0x00, 0x00, 0x00, 0x00, 0x00, 0x00, 0x00,
    0x00, 0x00, 0x00, 0x00, 0x00, 0x00, 0x00, 0x00, 0x00, 0x00, 0x00, 0x00, 0x00, 0x00, 0x00, 0x00,
    0x00, 0x00, 0x00, 0x00, 0x00, 0xff, 0xe0, 0x00, 0x00, 0x00, 0x00, 0x00, 0x00, 0x00, 0x00, 0x00,
    0x00, 0x00, 0x00, 0x00, 0x1f, 0xff, 0xff, 0x00, 0x00, 0x00, 0x00, 0x00, 0x00, 0x00, 0x00, 0x00,
    0x00, 0x00, 0x00, 0x00, 0xff, 0xff, 0xff, 0xe0, 0x00, 0x00, 0x00, 0x00, 0x00, 0x00, 0x00, 0x00,
    0x00, 0x00, 0x00, 0x07, 0xff, 0xff, 0xff, 0xf8, 0x00, 0x00, 0x00, 0x00, 0x00, 0x00, 0x00, 0x00,
    0x00, 0x00, 0x00, 0x1f, 0xff, 0xff, 0xff, 0xfe, 0x00, 0x00, 0x00, 0x00, 0x00, 0x00, 0x00, 0x00,
    0x00, 0x00, 0x00, 0x1f, 0xff, 0xff, 0xff, 0xfe, 0x00, 0x00, 0x00, 0x00, 0x00, 0x00, 0x00, 0x00,
    0x00, 0x00, 0x00, 0x3f, 0xff, 0xff, 0xff, 0xfe, 0x00, 0x00, 0x00, 0x00, 0x00, 0x00, 0x00, 0x00,
    0x00, 0x00, 0x00, 0x3f, 0xff, 0xff, 0xff, 0xff, 0x00, 0x00, 0x00, 0x00, 0x00, 0x00, 0x00, 0x00,
    0x00, 0x00, 0x00, 0x3f, 0xff, 0xff, 0xff, 0xff, 0x00, 0x00, 0x00, 0x00, 0x00, 0x00, 0x00, 0x00,
    0x00, 0x00, 0x00, 0x7f, 0xff, 0xff, 0xff, 0xff, 0x00, 0x00, 0x00, 0x00, 0x00, 0x00, 0x00, 0x00,
    0x00, 0x00, 0x00, 0x7f, 0xff, 0xff, 0xff, 0xff, 0x80, 0x00, 0x00, 0x00, 0x00, 0x00, 0x00, 0x00,
    0x00, 0x00, 0x00, 0x7f, 0xff, 0xff, 0xff, 0xff, 0x80, 0x00, 0x00, 0x00, 0x00, 0x00, 0x00, 0x00,
    0x00, 0x00, 0x00, 0xff, 0xff, 0xff, 0xff, 0xff, 0x80, 0x00, 0x00, 0x00, 0x00, 0x00, 0x00, 0x00,
    0x00, 0x00, 0x00, 0xff, 0xff, 0xff, 0xff, 0xff, 0x80, 0x00, 0x00, 0x00, 0x00, 0x00, 0x00, 0x00,
    0x00, 0x00, 0x00, 0xff, 0xff, 0xff, 0xff, 0xff, 0xc0, 0x00, 0x00, 0x00, 0x00, 0x00, 0x00, 0x00,
    0x00, 0x00, 0x00, 0x3f, 0xff, 0x87, 0xff, 0xff, 0x80, 0x00, 0x00, 0x00, 0x00, 0x00, 0x00, 0x00,
    0x00, 0x00, 0x00, 0x07, 0xff, 0x13, 0xff, 0xff, 0x00, 0x00, 0x00, 0x00, 0x00, 0x00, 0x00, 0x00,
    0x00, 0x00, 0x00, 0x0f, 0xfe, 0x13, 0xff, 0xfc, 0x00, 0x00, 0x00, 0x00, 0x00, 0x00, 0x00, 0x00,
    0x03, 0xf0, 0x00, 0x1f, 0xfe, 0x0f, 0xff, 0xfc, 0x00, 0x07, 0xe0, 0x00, 0x00, 0x00, 0x00, 0x00,
    0x06, 0x1e, 0x00, 0x1f, 0xfe, 0x3f, 0xff, 0xfe, 0x00, 0x3e, 0x30, 0x00, 0x00, 0x00, 0x00, 0x00,
    0x04, 0x03, 0x80, 0x3f, 0xfe, 0x6f, 0xff, 0xff, 0xc0, 0xf0, 0x10, 0x00, 0x00, 0x00, 0x00, 0x00,
    0x0c, 0xc0, 0xe0, 0x3f, 0xff, 0x6f, 0xff, 0xff, 0xf3, 0x81, 0x98, 0x00, 0x00, 0x00, 0x00, 0x00,
    0x09, 0xf0, 0x38, 0x3f, 0xff, 0xff, 0xff, 0xff, 0xfe, 0x07, 0xd8, 0x00, 0x00, 0x00, 0x00, 0x00,
    0x09, 0xf8, 0x0e, 0x7f, 0xff, 0xff, 0xff, 0xff, 0xf8, 0x0f, 0xc8, 0x00, 0x00, 0x00, 0x00, 0x00,
    0x19, 0xfc, 0x03, 0x7f, 0xe0, 0x00, 0x07, 0xff, 0xf0, 0x1f, 0xc8, 0x00, 0x00, 0x00, 0x00, 0x00,
    0x1b, 0xfe, 0x01, 0xfe, 0x03, 0xff, 0xc0, 0x7f, 0xc0, 0x3f, 0xec, 0x00, 0x00, 0x00, 0x00, 0x00,
    0x13, 0xff, 0x00, 0xf0, 0xff, 0xff, 0xff, 0x07, 0x80, 0x7f, 0xec, 0x00, 0x00, 0x00, 0x00, 0x00,
    0x13, 0xff, 0x80, 0x37, 0xff, 0xff, 0xff, 0xf6, 0x00, 0xff, 0xec, 0x00, 0x00, 0x00, 0x00, 0x00,
    0x13, 0xff, 0xc0, 0x1f, 0xff, 0xff, 0xff, 0xfc, 0x01, 0xff, 0xe4, 0x00, 0x00, 0x00, 0x00, 0x00,
    0x33, 0xff, 0xe0, 0x0f, 0xf1, 0xff, 0x1f, 0xf8, 0x03, 0xff, 0xe4, 0x00, 0x00, 0x00, 0x00, 0x00,
    0x33, 0xff, 0xe0, 0x07, 0xf1, 0xff, 0x1f, 0xf0, 0x07, 0xff, 0xe4, 0x00, 0x00, 0x00, 0x00, 0x00,
    0x33, 0xff, 0xf0, 0x19, 0xf1, 0xff, 0x1f, 0x18, 0x07, 0xff, 0xe4, 0x00, 0x00, 0x00, 0x00, 0x00,
    0x33, 0xf8, 0x38, 0x21, 0xf1, 0xfe, 0x1f, 0x04, 0x0e, 0x0f, 0xe4, 0x00, 0x00, 0x00, 0x00, 0x00,
    0x33, 0xfc, 0x18, 0x01, 0xf1, 0xfe, 0x1f, 0x00, 0x1c, 0x1f, 0xe4, 0x00, 0x00, 0x00, 0x00, 0x00,
    0x33, 0xfe, 0x0c, 0x01, 0xf1, 0xfe, 0x1e, 0x00, 0x10, 0x3f, 0xe4, 0x00, 0x00, 0x00, 0x00, 0x00,
    0x33, 0xff, 0x04, 0x00, 0xf1, 0xfe, 0x1e, 0x00, 0x20, 0x7f, 0xec, 0x00, 0x00, 0x00, 0x00, 0x00,
    0x33, 0xfc, 0x06, 0x00, 0xf1, 0xfe, 0x3e, 0x00, 0x20, 0x1f, 0xee, 0x00, 0x00, 0x00, 0x00, 0x00,
    0x33, 0xf0, 0x30, 0x00, 0xf0, 0xfe, 0x3c, 0x00, 0x1c, 0x0f, 0xef, 0x00, 0x00, 0x00, 0x00, 0x00,
    0x13, 0xf0, 0x18, 0x00, 0x70, 0xfc, 0x3c, 0x00, 0x18, 0x07, 0xcf, 0x00, 0x00, 0x00, 0x00, 0x00,
    0x13, 0xe0, 0x20, 0x00, 0x70, 0xfc, 0x38, 0x00, 0x04, 0x07, 0xcf, 0x80, 0x00, 0x00, 0x00, 0x00,
    0x13, 0xe6, 0x40, 0x00, 0x38, 0xfc, 0x30, 0x00, 0x02, 0x63, 0xcf, 0xc0, 0x00, 0x00, 0x00, 0x00,
    0x19, 0xfc, 0x80, 0x00, 0x18, 0x7c, 0x30, 0x00, 0x03, 0x3f, 0xdf, 0xc0, 0x00, 0x00, 0x00, 0x00,
    0x19, 0xf9, 0x00, 0x00, 0x08, 0x7c, 0x20, 0x00, 0x01, 0x9f, 0x9f, 0xe0, 0x00, 0x00, 0x00, 0x00,
    0x09, 0xfa, 0x00, 0x00, 0x00, 0x78, 0x00, 0x00, 0x00, 0x9f, 0x9b, 0xe0, 0x00, 0x00, 0x00, 0x00,
    0x08, 0xfe, 0x00, 0x00, 0x00, 0x78, 0x00, 0x00, 0x00, 0x5f, 0xbb, 0xf0, 0x00, 0x00, 0x00, 0x00,
    0x0c, 0xfc, 0x00, 0x00, 0x00, 0x38, 0x00, 0x00, 0x00, 0x3f, 0x3f, 0xf0, 0x00, 0x00, 0x00, 0x00,
    0x0c, 0xf8, 0x00, 0x00, 0x00, 0x30, 0x00, 0x00, 0x00, 0x3f, 0x3d, 0xf8, 0x00, 0x00, 0x00, 0x00,
    0x04, 0x70, 0x00, 0x00, 0x00, 0x10, 0x00, 0x00, 0x00, 0x1e, 0x7d, 0xf8, 0x00, 0x00, 0x00, 0x00,
    0x06, 0x70, 0x00, 0x00, 0x00, 0xe0, 0x00, 0x00, 0x00, 0x0e, 0x7d, 0xfc, 0x00, 0x00, 0x00, 0x00,
    0x02, 0x30, 0x00, 0x00, 0x00, 0x1f, 0xc0, 0x00, 0x00, 0x1c, 0xfe, 0xfc, 0x00, 0x00, 0x00, 0x00,
    0x03, 0xc0, 0x00, 0x00, 0x00, 0x07, 0x80, 0x00, 0x00, 0x06, 0xbe, 0xfe, 0x00, 0x00, 0x00, 0x00,
    0x07, 0x00, 0x00, 0x00, 0x00, 0x00, 0x00, 0x00, 0x00, 0x01, 0xfe, 0xfc, 0x00, 0x00, 0x00, 0x00,
    0x0c, 0x00, 0x1d, 0x00, 0x00, 0x00, 0x00, 0x00, 0x00, 0x00, 0x7f, 0x70, 0x00, 0x00, 0x00, 0x00,
    0x0e, 0x80, 0x04, 0x00, 0x00, 0x00, 0x00, 0x08, 0x00, 0x00, 0xff, 0x00, 0x00, 0x00, 0x00, 0x00,
    0x07, 0x00, 0x14, 0x00, 0x00, 0x00, 0x00, 0x0e, 0x40, 0x01, 0x9f, 0x00, 0x00, 0x00, 0x00, 0x00,
    0x02, 0x80, 0x0a, 0x00, 0x03, 0xf2, 0x00, 0x07, 0x00, 0x05, 0x9f, 0x80, 0x00, 0x00, 0x00, 0x00,
    0x03, 0x00, 0x00, 0x00, 0x0f, 0xfd, 0x00, 0x00, 0x3f, 0x83, 0x9f, 0x80, 0x00, 0x00, 0x00, 0x00,
    0x03, 0x00, 0x00, 0x00, 0x3c, 0x3f, 0x00, 0x02, 0xff, 0xe3, 0x9f, 0xc0, 0x00, 0x00, 0x00, 0x00,
    0x02, 0x38, 0x00, 0x00, 0x30, 0x7f, 0x80, 0x03, 0x8f, 0xf1, 0x0f, 0xc0, 0x00, 0x00, 0x00, 0x00,
    0x06, 0xfe, 0x00, 0x00, 0x60, 0x7c, 0x80, 0x06, 0x1f, 0xfd, 0x8f, 0xe0, 0x00, 0x00, 0x00, 0x00,
    0x05, 0xf8, 0x00, 0x00, 0x20, 0x7d, 0x80, 0x00, 0x1f, 0x7e, 0x8f, 0xf0, 0x00, 0x00, 0x00, 0x00,
    0x07, 0xe0, 0x00, 0x00, 0x20, 0xff, 0x80, 0x00, 0x1f, 0xff, 0x87, 0xf0, 0x00, 0x00, 0x00, 0x00,
    0x0f, 0x80, 0x00, 0x00, 0x20, 0x7f, 0x80, 0x00, 0x1f, 0xf7, 0xc7, 0xe0, 0x00, 0x00, 0x00, 0x00,
    0x0e, 0x00, 0x00, 0x00, 0x10, 0x4f, 0x80, 0x00, 0x13, 0xe1, 0xc3, 0x80, 0x00, 0x00, 0x00, 0x00,
    0x0c, 0x00, 0x00, 0x00, 0x00, 0x04, 0x80, 0x00, 0x00, 0x00, 0xc0, 0x00, 0x00, 0x00, 0x00, 0x00,
    0x38, 0x0c, 0x00, 0x00, 0x00, 0x71, 0x00, 0x00, 0x7c, 0xc0, 0x70, 0x00, 0x00, 0x00, 0x00, 0x00,
    0x60, 0xfc, 0x00, 0x00, 0x00, 0x00, 0x0f, 0x00, 0x00, 0xfe, 0x18, 0x00, 0x00, 0x00, 0x00, 0x00,
    0x3f, 0xf8, 0x00, 0x00, 0x00, 0x00, 0x06, 0x00, 0x00, 0x7f, 0xf0, 0x00, 0x00, 0x00, 0x00, 0x00,
    0x3f, 0xe0, 0x00, 0x00, 0x00, 0x00, 0x00, 0x00, 0x00, 0x1f, 0xf0, 0x00, 0x00, 0x00, 0x00, 0x00,
    0x0f, 0x80, 0x00, 0x00, 0x00, 0x00, 0x03, 0x00, 0x00, 0x07, 0xc0, 0x00, 0x00, 0x00, 0x00, 0x00,
    0x0c, 0x1f, 0x00, 0x00, 0x00, 0x00, 0x04, 0x80, 0x03, 0xe0, 0xe0, 0x00, 0x00, 0x00, 0x00, 0x00,
    0x18, 0xc0, 0x00, 0x00, 0x00, 0x00, 0x00, 0x00, 0x00, 0x0e, 0x60, 0x00, 0x00, 0x00, 0x00, 0x00,
    0x0e, 0x00, 0x00, 0x00, 0x00, 0x00, 0x00, 0x00, 0x00, 0x01, 0xc0, 0x00, 0x00, 0x00, 0x00, 0x00,
    0x0e, 0x06, 0x00, 0x00, 0x00, 0x00, 0x00, 0x00, 0x01, 0x81, 0xc0, 0x00, 0x00, 0x00, 0x00, 0x00,
    0x12, 0x10, 0x00, 0x00, 0x00, 0x00, 0x00, 0x00, 0x00, 0x21, 0x20, 0x00, 0x00, 0x00, 0x00, 0x00,
    0x03, 0x60, 0x80, 0x00, 0x00, 0x00, 0x00, 0x00, 0x00, 0x0b, 0x00, 0x00, 0x00, 0x00, 0x00, 0x00,
    0x01, 0x81, 0x00, 0x00, 0x00, 0x00, 0x00, 0x00, 0x02, 0x06, 0x00, 0x00, 0x00, 0x00, 0x00, 0x00,
    0x03, 0xc6, 0x00, 0x00, 0x00, 0x00, 0x00, 0x00, 0x01, 0x0f, 0x00, 0x00, 0x00, 0x00, 0x00, 0x00,
    0x04, 0x38, 0x00, 0x00, 0x00, 0x00, 0x00, 0x00, 0x00, 0xf0, 0x80, 0x00, 0x00, 0x00, 0x00, 0x00,
    0x08, 0x18, 0x00, 0x00, 0x00, 0x00, 0x00, 0x00, 0x00, 0xe0, 0x00, 0x00, 0x00, 0x00, 0x00, 0x00,
    0x00, 0x26, 0x00, 0x00, 0x00, 0x00, 0x00, 0x00, 0x03, 0xa0, 0x00, 0x00, 0x00, 0x00, 0x00, 0x00,
    0x00, 0x01, 0xd0, 0x00, 0x00, 0x00, 0x00, 0x01, 0x8e, 0x10, 0x00, 0x00, 0x00, 0x00, 0x00, 0x00,
    0x00, 0x00, 0x70, 0x00, 0x00, 0x00, 0x00, 0x09, 0x78, 0x08, 0x00, 0x00, 0x00, 0x00, 0x00, 0x00,
    0x00, 0x00, 0x1f, 0xf0, 0x00, 0x00, 0x02, 0x03, 0xc0, 0x00, 0x00, 0x00, 0x00, 0x00, 0x00, 0x00,
    0x00, 0x00, 0x01, 0xf8, 0x20, 0x00, 0x10, 0x7e, 0x00, 0x00, 0x00, 0x00, 0x00, 0x00, 0x00, 0x00,
    0x00, 0x00, 0x00, 0x1f, 0xfc, 0x20, 0xff, 0xe0, 0x00, 0x00, 0x00, 0x00, 0x00, 0x00, 0x00, 0x00,
    0x00, 0x00, 0x00, 0x00, 0x3f, 0xff, 0xf0, 0x00, 0x00, 0x00, 0x00, 0x00, 0x00, 0x00, 0x00, 0x00,
    0x00, 0x00, 0x00, 0x00, 0x00, 0x00, 0x00, 0x00, 0x00, 0x00, 0x00, 0x00, 0x00, 0x00, 0x00, 0x00,
    0x00, 0x00, 0x00, 0x00, 0x00, 0x00, 0x00, 0x00, 0x00, 0x00, 0x00, 0x00, 0x00, 0x00, 0x00, 0x00,
};
static const lv_image_dsc_t seeway_xiaozhi_muted_error = {
    .header = {
        .magic = LV_IMAGE_HEADER_MAGIC,
        .cf = LV_COLOR_FORMAT_A1,
        .flags = 0,
        .w = 96,
        .h = 96,
        .stride = 16,
        .reserved_2 = 0,
    },
    .data_size = sizeof(seeway_xiaozhi_muted_error_map),
    .data = seeway_xiaozhi_muted_error_map,
    .reserved = nullptr,
};
